blink_rate,gaze_score,head_deviation,focus_label,gaze_score
82.66,100.0,28.7,0,
33.45,100.0,2.0,3,
23.21,100.0,6.5,2,
17.35,100.0,2.9,4,
17.97,100.0,8.2,1,
16.46,100.0,4.2,2,
11.87,100.0,5.5,4,
10.92,100.0,8.0,3,
10.93,100.0,4.5,2,
0.0,0.0,0.0,0,
10.24,100.0,48.7,0,
9.92,100.0,6.2,0,
11.66,100.0,4.2,1,
2.45,100.0,11.1,0,
0.68,100.0,4.1,3,
0.59,100.0,4.4,3,
3.38,100.0,22.2,1,
3.2,100.0,16.8,3,
2.82,100.0,9.8,4,
2.6,100.0,0.6,3,
5.38,100.0,9.2,1,
17.83,100.0,11.5,0,
27.83,100.0,2.2,0,
42.64,100.0,2.1,0,
45.33,100.0,24.2,0,
41.34,100.0,10.7,1,
39.01,100.0,10.6,2,
34.68,100.0,4.0,2,
29.02,100.0,28.4,0,
11.15,100.0,0.6,3,
8.66,100.0,21.6,0,
5.47,100.0,12.5,1,
0.0,,1.4,3,100.0
0.0,,0.9,3,100.0
0.0,,0.5,3,100.0
0.0,,0.2,3,100.0
0.0,,0.2,3,100.0
0.0,,0.2,3,100.0
0.0,,0.9,3,100.0
0.0,,0.6,3,100.0
0.0,,0.6,3,100.0
0.0,,0.7,3,100.0
0.0,,0.1,3,100.0
0.0,,2.1,3,100.0
0.0,,0.5,3,100.0
0.0,,0.9,3,100.0
0.0,,0.3,3,100.0
0.0,,1.1,3,100.0
0.0,,0.6,3,100.0
0.0,,0.5,3,100.0
0.0,,0.7,3,100.0
0.0,,0.5,3,100.0
0.0,,0.2,3,100.0
0.0,,0.5,3,100.0
0.0,,0.1,3,100.0
0.0,,0.6,3,100.0
0.0,,1.0,3,100.0
0.0,,1.4,3,100.0
0.0,,0.6,3,100.0
0.0,,1.7,3,100.0
0.0,,0.1,3,100.0
0.0,,1.2,3,100.0
0.0,,0.1,3,100.0
0.0,,0.4,3,100.0
0.0,,0.0,3,100.0
0.0,,0.2,3,100.0
0.0,,0.0,3,100.0
0.0,,0.2,3,100.0
0.0,,1.4,3,100.0
0.0,,0.0,3,100.0
0.0,,0.3,3,100.0
0.0,,0.4,3,100.0
0.0,,0.4,3,100.0
0.0,,0.7,3,100.0
0.0,,0.1,3,100.0
0.0,,0.6,3,100.0
0.0,,1.4,3,100.0
0.0,,0.1,3,100.0
0.0,,0.3,3,100.0
0.0,,1.1,3,100.0
0.0,,0.1,3,100.0
0.0,,1.5,3,100.0
0.0,,0.5,3,100.0
0.0,,0.4,3,100.0
0.0,,1.1,3,100.0
0.0,,0.8,3,100.0
0.0,,1.1,3,100.0
0.0,,1.0,3,100.0
0.0,,0.7,3,100.0
0.0,,0.2,3,100.0
0.0,,0.2,3,100.0
0.0,,0.5,3,100.0
0.0,,0.2,3,100.0
0.0,,1.5,3,100.0
0.0,,1.7,3,100.0
0.0,,0.4,3,100.0
0.0,,0.2,3,100.0
0.0,,0.2,3,100.0
0.0,,0.1,3,100.0
0.0,,0.7,3,100.0
0.0,,0.2,3,100.0
0.0,,0.4,3,100.0
0.0,,0.4,3,100.0
0.0,,1.0,3,100.0
0.0,,0.4,3,100.0
0.0,,0.6,3,100.0
0.0,,1.5,3,100.0
0.0,,1.2,3,100.0
0.0,,0.3,3,100.0
0.0,,0.7,3,100.0
0.0,,0.4,3,100.0
0.0,,0.8,3,100.0
0.0,,0.4,3,100.0
0.0,,0.9,3,100.0
0.0,,0.4,3,100.0
0.0,,0.5,3,100.0
0.0,,0.7,3,100.0
0.0,,0.7,3,100.0
0.0,,0.1,3,100.0
0.0,,0.5,3,100.0
0.0,,0.2,3,100.0
0.0,,0.5,3,100.0
0.0,,1.4,3,100.0
0.0,,0.2,3,100.0
0.0,,0.4,3,100.0
0.0,,0.5,3,100.0
0.0,,0.5,3,100.0
0.0,,0.4,3,100.0
0.0,,0.6,3,100.0
0.0,,0.3,3,100.0
0.0,,0.3,3,100.0
0.0,,0.2,3,100.0
0.0,,0.0,3,100.0
0.0,,0.9,3,100.0
0.0,,0.7,3,100.0
0.0,,0.6,3,100.0
0.0,,0.1,3,100.0
0.0,,0.2,3,100.0
0.0,,0.5,3,100.0
0.0,,0.5,3,100.0
0.0,,0.5,3,100.0
0.0,,0.6,3,100.0
0.0,,1.9,3,100.0
0.0,,0.1,3,100.0
0.0,,1.0,3,100.0
0.0,,0.3,3,100.0
0.0,,0.6,3,100.0
0.0,,0.7,3,100.0
0.0,,0.1,3,100.0
0.0,,0.3,3,100.0
0.0,,0.7,3,100.0
0.0,,0.4,3,100.0
0.0,,0.4,3,100.0
0.0,,0.6,3,100.0
0.0,,0.1,3,100.0
0.0,,0.6,3,100.0
0.0,,0.2,3,100.0
0.0,,0.4,3,100.0
0.0,,0.5,3,100.0
0.0,,0.0,3,100.0
0.0,,0.3,3,100.0
0.0,,0.9,3,100.0
0.0,,0.2,3,100.0
0.0,,0.0,3,100.0
0.0,,1.2,3,100.0
0.0,,0.0,3,100.0
0.0,,0.1,3,100.0
0.0,,0.9,3,100.0
0.0,,0.5,3,100.0
0.0,,0.1,3,100.0
0.0,,0.1,3,100.0
0.0,,0.5,3,100.0
0.0,,0.0,3,100.0
0.0,,0.2,3,100.0
0.0,,0.8,3,100.0
0.0,,1.2,3,100.0
0.0,,0.1,3,100.0
0.0,,0.6,3,100.0
0.0,,0.4,3,100.0
0.0,,0.0,3,100.0
0.0,,0.3,3,100.0
0.0,,0.4,3,100.0
0.0,,0.5,3,100.0
0.0,,0.5,3,100.0
0.0,,0.2,3,100.0
0.0,,0.4,3,100.0
0.0,,0.7,3,100.0
0.0,,1.4,3,100.0
0.0,,0.4,3,100.0
0.0,,1.2,3,100.0
0.0,,0.4,3,100.0
0.0,,0.1,3,100.0
0.0,,0.3,3,100.0
0.0,,0.0,3,100.0
0.0,,0.2,3,100.0
0.0,,0.5,3,100.0
0.0,,0.3,3,100.0
0.0,,0.9,3,100.0
0.0,,0.2,3,100.0
0.0,,0.7,3,100.0
0.0,,0.1,3,100.0
0.0,,0.1,3,100.0
0.0,,0.1,3,100.0
0.0,,0.2,3,100.0
0.0,,0.7,3,100.0
0.0,,0.6,3,100.0
0.0,,0.5,3,100.0
0.0,,1.0,3,100.0
0.0,,0.4,3,100.0
0.0,,0.6,3,100.0
0.0,,0.0,3,100.0
0.0,,0.5,3,100.0
0.0,,1.3,3,100.0
0.0,,0.1,3,100.0
0.0,,0.1,3,100.0
0.0,,0.0,3,100.0
0.0,,1.1,3,100.0
0.0,,0.1,3,100.0
0.0,,0.1,3,100.0
0.0,,0.0,3,100.0
0.0,,0.0,3,100.0
0.0,,1.0,3,100.0
0.0,,0.8,3,100.0
0.0,,0.7,3,100.0
0.0,,0.0,3,100.0
0.0,,0.1,3,100.0
0.0,,0.8,3,100.0
0.0,,1.0,3,100.0
0.0,,0.1,3,100.0
0.0,,0.4,3,100.0
0.0,,0.6,3,100.0
0.0,,0.3,3,100.0
0.0,,1.0,3,100.0
0.0,,1.1,3,100.0
0.0,,1.0,3,100.0
0.0,,1.9,3,100.0
0.0,,0.3,3,100.0
4.68,,0.5,3,100.0
4.66,,0.7,3,100.0
4.63,,0.4,3,100.0
4.61,,0.3,3,100.0
4.59,,0.4,3,100.0
4.57,,0.2,3,100.0
4.55,,0.6,3,100.0
4.53,,0.8,3,100.0
4.51,,1.4,3,100.0
4.49,,0.1,3,100.0
4.47,,1.7,3,100.0
4.45,,0.1,3,100.0
4.43,,0.4,3,100.0
4.41,,0.5,3,100.0
4.39,,1.0,3,100.0
8.74,,1.9,3,100.0
8.7,,1.1,3,100.0
8.67,,1.3,3,100.0
8.63,,0.1,3,100.0
8.59,,0.3,3,100.0
8.56,,0.1,3,100.0
8.52,,1.1,3,100.0
8.48,,0.6,3,100.0
8.45,,0.2,3,100.0
8.41,,0.2,3,100.0
8.38,,0.1,3,100.0
8.34,,0.3,3,100.0
8.31,,0.4,3,100.0
8.27,,0.1,3,100.0
8.24,,0.0,3,100.0
8.21,,0.2,3,100.0
8.17,,0.7,3,100.0
8.14,,0.4,3,100.0
8.11,,0.2,3,100.0
8.07,,0.0,3,100.0
8.04,,0.9,3,100.0
8.01,,1.0,3,100.0
7.98,,0.8,3,100.0
7.94,,0.4,3,100.0
7.91,,1.0,3,100.0
7.88,,0.1,3,100.0
7.85,,0.3,3,100.0
7.82,,0.6,3,100.0
7.79,,0.1,3,100.0
7.76,,0.1,3,100.0
7.73,,0.7,3,100.0
7.7,,0.3,3,100.0
7.67,,0.9,3,100.0
7.64,,0.1,3,100.0
7.61,,1.0,3,100.0
7.58,,0.9,3,100.0
7.55,,0.7,3,100.0
7.53,,1.6,3,100.0
7.5,,0.8,3,100.0
7.47,,1.9,3,100.0
7.44,,2.2,3,100.0
7.41,,2.4,3,100.0
7.39,,3.5,3,100.0
7.36,,2.6,3,100.0
11.0,,4.0,3,100.0
10.96,,3.4,3,100.0
10.92,,3.1,3,100.0
10.88,,3.3,3,100.0
10.84,,2.9,3,100.0
10.8,,2.8,3,100.0
10.76,,3.4,3,100.0
0.0,,9.5,3,100.0
0.0,,8.7,3,100.0
0.0,,8.9,3,100.0
0.0,,7.7,3,100.0
0.0,,6.3,3,100.0
0.0,,5.7,3,100.0
0.0,,4.6,3,100.0
0.0,,4.5,3,100.0
0.0,,3.9,3,100.0
0.0,,2.8,3,100.0
0.0,,2.8,3,100.0
0.0,,2.3,3,100.0
0.0,,2.2,3,100.0
0.0,,1.9,3,100.0
0.0,,2.0,3,100.0
0.0,,0.1,3,100.0
0.0,,0.2,3,100.0
0.0,,0.8,3,100.0
0.0,,0.0,3,100.0
0.0,,0.3,3,100.0
0.0,,0.5,3,100.0
0.0,,0.2,3,100.0
0.0,,0.4,3,100.0
0.0,,0.1,3,100.0
0.0,,0.9,3,100.0
0.0,,1.7,3,100.0
0.0,,1.1,3,100.0
0.0,,0.7,3,100.0
0.0,,0.4,3,100.0
0.0,,1.3,3,100.0
0.0,,0.8,3,100.0
0.0,,0.1,3,100.0
0.0,,0.6,3,100.0
0.0,,1.7,3,100.0
0.0,,5.3,3,100.0
0.0,,7.5,3,100.0
0.0,,9.0,3,100.0
0.0,,9.8,3,100.0
0.0,,11.3,3,100.0
0.0,,10.7,3,100.0
0.0,,10.9,3,100.0
0.0,,10.2,3,100.0
0.0,,8.5,3,100.0
0.0,,9.3,3,100.0
0.0,,7.6,3,100.0
0.0,,8.5,3,100.0
0.0,,8.5,3,100.0
0.0,,10.4,3,100.0
0.0,,9.4,3,100.0
0.0,,8.9,3,100.0
0.0,,8.2,3,100.0
0.0,,9.6,3,100.0
16.43,,10.0,3,100.0
16.16,,9.8,3,100.0
15.9,,9.0,3,100.0
15.65,,8.7,3,100.0
15.42,,8.5,3,100.0
15.18,,9.9,3,100.0
14.95,,9.1,3,100.0
14.73,,10.7,3,100.0
14.52,,10.4,3,100.0
14.29,,10.7,3,100.0
14.11,,11.0,3,100.0
13.91,,10.5,3,100.0
13.72,,10.1,3,100.0
13.53,,10.1,3,100.0
13.36,,9.2,3,100.0
13.17,,9.8,3,100.0
13.01,,8.6,3,100.0
12.84,,8.1,3,100.0
12.68,,6.7,3,100.0
12.52,,7.5,3,100.0
12.36,,9.3,3,100.0
12.21,,10.0,3,100.0
12.07,,11.4,3,100.0
11.92,,11.3,3,100.0
11.78,,12.4,3,100.0
11.64,,12.1,3,100.0
11.51,,12.5,3,100.0
11.38,,12.8,3,100.0
11.25,,10.9,3,100.0
11.13,,10.8,3,100.0
11.0,,10.4,3,100.0
10.88,,9.9,3,100.0
10.77,,9.6,3,100.0
10.65,,8.5,3,100.0
21.08,,8.8,3,100.0
20.86,,9.8,3,100.0
20.65,,9.9,3,100.0
20.44,,10.9,3,100.0
20.23,,11.5,3,100.0
30.04,,11.8,3,100.0
29.74,,11.4,3,100.0
29.45,,11.1,3,100.0
29.16,,10.2,3,100.0
38.5,,10.4,3,100.0
38.14,,11.2,3,100.0
37.78,,10.9,3,100.0
37.43,,10.9,3,100.0
37.07,,10.5,3,100.0
36.74,,10.5,3,100.0
36.41,,10.3,3,100.0
36.08,,11.5,3,100.0
35.75,,10.3,3,100.0
35.44,,10.1,3,100.0
35.12,,9.6,3,100.0
34.84,,8.2,3,100.0
34.54,,8.8,3,100.0
34.25,,8.0,3,100.0
33.95,,8.3,3,100.0
33.67,,7.7,3,100.0
33.39,,8.0,3,100.0
33.11,,8.0,3,100.0
32.84,,8.5,3,100.0
40.71,,7.1,3,100.0
40.39,,7.3,3,100.0
40.06,,7.1,3,100.0
39.74,,6.5,3,100.0
47.27,,8.1,3,100.0
46.95,,8.9,3,100.0
54.35,,8.3,3,100.0
53.93,,8.6,3,100.0
53.52,,8.2,3,100.0
60.69,,8.2,3,100.0
60.24,,7.7,3,100.0
59.79,,6.4,3,100.0
59.32,,8.4,3,100.0
66.27,,6.9,3,100.0
65.79,,7.8,3,100.0
65.31,,8.0,3,100.0
64.84,,7.3,3,100.0
64.38,,7.2,3,100.0
63.92,,7.6,3,100.0
63.46,,8.3,3,100.0
63.02,,8.1,3,100.0
62.59,,8.8,3,100.0
62.15,,8.4,3,100.0
61.72,,8.9,3,100.0
61.31,,9.6,3,100.0
60.89,,8.2,3,100.0
60.48,,8.3,3,100.0
60.08,,9.8,3,100.0
59.68,,9.7,3,100.0
59.29,,9.2,3,100.0
58.9,,9.9,3,100.0
58.51,,9.7,3,100.0
58.13,,8.8,3,100.0
57.76,,7.9,3,100.0
57.4,,8.5,3,100.0
57.03,,9.3,3,100.0
56.68,,8.5,3,100.0
62.58,,8.8,3,100.0
62.18,,8.9,3,100.0
61.8,,8.1,3,100.0
61.42,,7.6,3,100.0
61.05,,9.1,3,100.0
60.68,,8.2,3,100.0
60.31,,8.6,3,100.0
59.95,,8.6,3,100.0
59.59,,8.7,3,100.0
59.2,,10.2,3,100.0
58.89,,9.9,3,100.0
58.54,,10.0,3,100.0
58.2,,8.7,3,100.0
57.87,,9.4,3,100.0
57.53,,10.2,3,100.0
57.21,,9.7,3,100.0
56.84,,9.3,3,100.0
56.56,,10.0,3,100.0
56.24,,10.1,3,100.0
55.93,,8.8,3,100.0
55.62,,8.3,3,100.0
55.3,,8.6,3,100.0
55.01,,8.7,3,100.0
54.7,,7.7,3,100.0
54.4,,8.5,3,100.0
54.1,,7.1,3,100.0
53.81,,6.6,3,100.0
53.53,,6.4,3,100.0
53.24,,5.2,3,100.0
52.97,,6.1,3,100.0
52.69,,4.5,3,100.0
52.41,,2.3,3,100.0
52.14,,1.2,3,100.0
51.86,,0.2,3,100.0
51.6,,3.9,3,100.0
51.33,,2.8,3,100.0
51.07,,3.9,3,100.0
50.81,,4.3,3,100.0
50.55,,3.2,3,100.0
50.3,,4.2,3,100.0
50.05,,3.0,3,100.0
49.8,,3.5,3,100.0
49.55,,3.1,3,100.0
49.31,,1.5,3,100.0
49.07,,1.1,3,100.0
48.83,,1.2,3,100.0
48.58,,1.1,3,100.0
48.36,,2.1,3,100.0
48.12,,0.9,3,100.0
47.89,,0.3,3,100.0
47.66,,1.8,3,100.0
47.44,,2.1,3,100.0
47.21,,1.6,3,100.0
46.99,,2.2,3,100.0
46.77,,0.0,3,100.0
46.55,,1.1,3,100.0
46.34,,3.0,3,100.0
46.12,,5.6,3,100.0
45.91,,7.2,3,100.0
45.7,,11.0,3,100.0
45.5,,11.3,3,100.0
45.29,,12.8,3,100.0
45.08,,14.7,3,100.0
44.88,,16.3,3,100.0
44.67,,15.9,3,100.0
44.48,,15.6,3,100.0
44.28,,16.1,3,100.0
44.09,,16.1,3,100.0
43.9,,14.4,3,100.0
43.71,,15.5,3,100.0
43.52,,14.9,3,100.0
43.34,,14.5,3,100.0
43.14,,16.9,3,100.0
42.97,,14.7,3,100.0
42.78,,15.9,3,100.0
42.6,,15.4,3,100.0
42.42,,16.4,3,100.0
42.24,,15.0,3,100.0
46.27,,14.9,3,100.0
46.08,,14.1,3,100.0
45.88,,12.6,3,100.0
45.69,,13.1,3,100.0
45.5,,12.6,3,100.0
45.32,,13.4,3,100.0
45.13,,12.8,3,100.0
44.94,,13.5,3,100.0
44.76,,13.5,3,100.0
44.58,,13.3,3,100.0
44.4,,12.7,3,100.0
44.22,,12.8,3,100.0
44.05,,12.1,3,100.0
43.87,,12.9,3,100.0
43.7,,13.1,3,100.0
43.52,,12.9,3,100.0
43.35,,11.6,3,100.0
43.18,,12.9,3,100.0
43.01,,11.7,3,100.0
42.85,,10.8,3,100.0
42.68,,11.3,3,100.0
42.52,,10.1,3,100.0
42.35,,10.4,3,100.0
42.19,,9.2,3,100.0
42.03,,8.0,3,100.0
41.87,,8.9,3,100.0
41.71,,5.9,3,100.0
41.55,,4.3,3,100.0
41.39,,3.1,3,100.0
41.24,,2.1,3,100.0
41.09,,0.3,3,100.0
40.93,,1.3,3,100.0
40.78,,0.6,3,100.0
40.62,,1.0,3,100.0
40.48,,0.9,3,100.0
40.33,,2.1,3,100.0
40.18,,1.7,3,100.0
40.04,,2.1,3,100.0
39.89,,3.3,3,100.0
39.75,,1.8,3,100.0
39.61,,2.7,3,100.0
39.46,,3.9,3,100.0
39.32,,5.0,3,100.0
39.18,,5.7,3,100.0
39.04,,5.9,3,100.0
38.9,,7.1,3,100.0
38.77,,8.4,3,100.0
38.63,,8.9,3,100.0
38.5,,9.2,3,100.0
38.36,,11.2,3,100.0
38.22,,10.2,3,100.0
38.1,,11.7,3,100.0
37.96,,10.4,3,100.0
37.83,,10.2,3,100.0
37.7,,8.6,3,100.0
37.57,,8.0,3,100.0
37.45,,6.3,3,100.0
37.32,,4.6,3,100.0
37.19,,4.7,3,100.0
37.07,,2.5,3,100.0
36.94,,0.2,3,100.0
36.82,,0.6,3,100.0
36.7,,0.9,3,100.0
36.57,,0.6,3,100.0
36.45,,3.5,3,100.0
36.33,,5.3,3,100.0
36.22,,4.9,3,100.0
36.1,,6.4,3,100.0
35.98,,6.1,3,100.0
35.86,,6.5,3,100.0
35.74,,6.3,3,100.0
35.63,,6.8,3,100.0
35.51,,5.8,3,100.0
35.4,,4.7,3,100.0
35.29,,4.3,3,100.0
35.17,,2.5,3,100.0
35.06,,0.4,3,100.0
34.95,,4.7,3,100.0
34.84,,4.1,3,100.0
34.73,,7.3,3,100.0
34.62,,6.4,3,100.0
34.49,,5.5,3,100.0
34.4,,4.7,3,100.0
34.29,,2.9,3,100.0
34.19,,4.1,3,100.0
34.08,,3.3,3,100.0
33.98,,4.4,3,100.0
33.87,,4.5,3,100.0
33.77,,6.9,3,100.0
33.67,,3.2,3,100.0
33.56,,7.0,3,100.0
33.46,,9.2,3,100.0
33.36,,8.5,3,100.0
33.25,,5.7,3,100.0
33.16,,6.2,3,100.0
33.06,,6.7,3,100.0
32.96,,6.4,3,100.0
32.86,,6.4,3,100.0
32.76,,6.4,3,100.0
32.67,,6.6,3,100.0
32.57,,7.7,3,100.0
32.47,,7.6,3,100.0
32.38,,6.9,3,100.0
32.28,,6.5,3,100.0
32.19,,6.1,3,100.0
32.09,,6.0,3,100.0
32.0,,5.3,3,100.0
31.91,,4.9,3,100.0
31.82,,3.2,3,100.0
31.73,,3.5,3,100.0
31.64,,2.6,3,100.0
31.54,,3.0,3,100.0
31.46,,2.8,3,100.0
31.37,,2.1,3,100.0
31.28,,4.3,3,100.0
31.19,,4.2,3,100.0
31.1,,5.3,3,100.0
31.01,,5.8,3,100.0
30.93,,5.4,3,100.0
30.84,,5.3,3,100.0
30.75,,4.5,3,100.0
30.67,,3.7,3,100.0
30.58,,4.9,3,100.0
30.5,,3.1,3,100.0
30.41,,4.7,3,100.0
30.33,,4.9,3,100.0
30.25,,3.7,3,100.0
30.16,,4.1,3,100.0
30.08,,4.1,3,100.0
30.0,,4.5,3,100.0
29.92,,4.3,3,100.0
29.84,,4.4,3,100.0
29.76,,4.5,3,100.0
29.67,,4.7,3,100.0
29.6,,4.9,3,100.0
29.52,,6.0,3,100.0
29.44,,6.0,3,100.0
29.36,,5.1,3,100.0
29.28,,6.5,3,100.0
29.2,,5.7,3,100.0
29.12,,6.5,3,100.0
29.05,,6.6,3,100.0
28.97,,7.1,3,100.0
28.9,,5.3,3,100.0
28.82,,6.8,3,100.0
28.74,,7.2,3,100.0
28.67,,7.0,3,100.0
28.6,,5.6,3,100.0
28.52,,5.9,3,100.0
28.45,,6.0,3,100.0
28.37,,5.6,3,100.0
28.3,,5.9,3,100.0
28.23,,6.3,3,100.0
28.16,,5.1,3,100.0
28.08,,6.9,3,100.0
28.01,,6.7,3,100.0
27.94,,5.3,3,100.0
27.87,,5.9,3,100.0
27.8,,5.2,3,100.0
30.25,,6.0,3,100.0
30.18,,5.4,3,100.0
30.1,,6.0,3,100.0
30.02,,5.5,3,100.0
29.95,,5.4,3,100.0
29.88,,6.7,3,100.0
29.8,,6.7,3,100.0
29.73,,6.3,3,100.0
29.65,,6.5,3,100.0
29.58,,6.4,3,100.0
29.51,,6.0,3,100.0
29.44,,5.4,3,100.0
29.36,,5.3,3,100.0
29.29,,5.1,3,100.0
29.22,,4.6,3,100.0
31.58,,6.8,3,100.0
31.5,,4.7,3,100.0
31.43,,6.2,3,100.0
31.35,,5.4,3,100.0
31.27,,5.9,3,100.0
31.2,,5.0,3,100.0
0.0,,0.4,4,100.0
0.0,,2.2,4,100.0
0.0,,1.1,4,100.0
0.0,,1.8,4,100.0
0.0,,0.8,4,100.0
0.0,,1.6,4,100.0
0.0,,0.7,4,100.0
0.0,,0.8,4,100.0
0.0,,1.0,4,100.0
0.0,,0.9,4,100.0
0.0,,0.2,4,100.0
0.0,,0.9,4,100.0
0.0,,1.3,4,100.0
0.0,,0.3,4,100.0
0.0,,0.1,4,100.0
0.0,,1.0,4,100.0
0.0,,0.9,4,100.0
0.0,,0.4,4,100.0
0.0,,1.6,4,100.0
0.0,,0.2,4,100.0
0.0,,0.5,4,100.0
0.0,,0.6,4,100.0
0.0,,0.6,4,100.0
0.0,,0.3,4,100.0
0.0,,1.1,4,100.0
0.0,,0.7,4,100.0
0.0,,0.2,4,100.0
0.0,,0.2,4,100.0
0.0,,0.8,4,100.0
0.0,,0.3,4,100.0
0.0,,0.1,4,100.0
0.0,,0.3,4,100.0
0.0,,0.2,4,100.0
0.0,,0.2,4,100.0
0.0,,1.4,4,100.0
0.0,,1.0,4,100.0
0.0,,0.1,4,100.0
0.0,,1.2,4,100.0
0.0,,0.6,4,100.0
0.0,,1.5,4,100.0
0.0,,1.2,4,100.0
0.0,,1.5,4,100.0
0.0,,0.2,4,100.0
0.0,,0.5,4,100.0
0.0,,0.9,4,100.0
0.0,,0.2,4,100.0
0.0,,0.2,4,100.0
0.0,,0.4,4,100.0
0.0,,1.4,4,100.0
0.0,,0.5,4,100.0
0.0,,0.3,4,100.0
0.0,,0.9,4,100.0
0.0,,0.7,4,100.0
0.0,,1.6,4,100.0
0.0,,0.8,4,100.0
0.0,,0.4,4,100.0
0.0,,0.7,4,100.0
0.0,,0.0,4,100.0
0.0,,1.3,4,100.0
0.0,,0.6,4,100.0
0.0,,0.0,4,100.0
0.0,,0.8,4,100.0
0.0,,1.6,4,100.0
0.0,,0.9,4,100.0
0.0,,0.2,4,100.0
0.0,,1.0,4,100.0
0.0,,0.3,4,100.0
0.0,,1.0,4,100.0
0.0,,1.2,4,100.0
0.0,,0.5,4,100.0
0.0,,0.5,4,100.0
0.0,,0.9,4,100.0
0.0,,1.1,4,100.0
0.0,,0.6,4,100.0
0.0,,0.7,4,100.0
0.0,,0.4,4,100.0
0.0,,0.9,4,100.0
0.0,,0.8,4,100.0
0.0,,0.3,4,100.0
0.0,,0.5,4,100.0
0.0,,0.3,4,100.0
0.0,,0.0,4,100.0
0.0,,0.0,4,100.0
0.0,,0.6,4,100.0
0.0,,0.7,4,100.0
0.0,,0.1,4,100.0
0.0,,0.9,4,100.0
0.0,,0.8,4,100.0
0.0,,0.1,4,100.0
0.0,,0.8,4,100.0
0.0,,0.0,4,100.0
0.0,,0.4,4,100.0
0.0,,0.1,4,100.0
0.0,,0.2,4,100.0
0.0,,0.4,4,100.0
0.0,,0.2,4,100.0
0.0,,0.7,4,100.0
0.0,,0.7,4,100.0
0.0,,0.0,4,100.0
0.0,,0.2,4,100.0
0.0,,0.8,4,100.0
0.0,,0.7,4,100.0
0.0,,0.2,3,100.0
0.0,,0.6,3,100.0
0.0,,0.7,3,100.0
0.0,,0.5,3,100.0
0.0,,0.5,3,100.0
0.0,,0.8,3,100.0
0.0,,0.7,3,100.0
0.0,,0.6,3,100.0
0.0,,0.2,3,100.0
0.0,,0.4,3,100.0
0.0,,0.3,3,100.0
0.0,,0.0,3,100.0
0.0,,1.1,3,100.0
0.0,,0.1,3,100.0
0.0,,0.0,3,100.0
0.0,,1.0,3,100.0
0.0,,1.4,3,100.0
0.0,,1.1,3,100.0
0.0,,1.2,3,100.0
0.0,,0.4,3,100.0
0.0,,1.0,3,100.0
0.0,,3.0,3,100.0
0.0,,2.7,3,100.0
0.0,,3.2,3,100.0
0.0,,6.2,3,100.0
0.0,,6.2,3,100.0
0.0,,6.8,3,100.0
0.0,,7.9,3,100.0
0.0,,9.5,3,100.0
0.0,,9.0,3,100.0
0.0,,8.9,3,100.0
0.0,,8.0,3,100.0
0.0,,6.8,3,100.0
0.0,,6.4,3,100.0
0.0,,6.0,3,100.0
0.0,,6.0,3,100.0
0.0,,6.4,3,100.0
0.0,,6.7,3,100.0
0.0,,7.5,3,100.0
0.0,,8.1,3,100.0
0.0,,8.5,3,100.0
0.0,,8.3,3,100.0
0.0,,10.3,3,100.0
0.0,,9.5,3,100.0
0.0,,9.4,3,100.0
0.0,,10.1,3,100.0
0.0,,9.9,3,100.0
0.0,,10.5,3,100.0
0.0,,10.2,3,100.0
0.0,,9.2,3,100.0
0.0,,9.9,3,100.0
0.0,,8.9,3,100.0
0.0,,7.5,3,100.0
0.0,,7.6,3,100.0
0.0,,7.0,3,100.0
0.0,,8.0,3,100.0
0.0,,6.4,3,100.0
0.0,,6.4,3,100.0
0.0,,6.1,3,100.0
0.0,,5.6,3,100.0
0.0,,4.3,3,100.0
0.0,,4.9,3,100.0
0.0,,3.7,3,100.0
0.0,,5.0,3,100.0
0.0,,5.0,3,100.0
0.0,,4.0,3,100.0
0.0,,2.6,3,100.0
0.0,,1.4,3,100.0
0.0,,2.0,3,100.0
0.0,,1.9,3,100.0
0.0,,2.1,3,100.0
0.0,,2.6,3,100.0
0.0,,2.1,3,100.0
0.0,,3.7,3,100.0
0.0,,4.4,3,100.0
0.0,,3.3,3,100.0
0.0,,3.8,3,100.0
0.0,,4.7,3,100.0
0.0,,3.6,3,100.0
0.0,,6.1,3,100.0
0.0,,4.3,3,100.0
0.0,,5.7,3,100.0
0.0,,6.7,3,100.0
0.0,,6.1,3,100.0
0.0,,7.6,3,100.0
0.0,,8.1,3,100.0
0.0,,8.0,3,100.0
0.0,,8.5,3,100.0
0.0,,8.6,3,100.0
0.0,,8.7,3,100.0
0.0,,10.1,3,100.0
0.0,,10.7,3,100.0
0.0,,10.2,3,100.0
0.0,,10.5,3,100.0
0.0,,9.8,3,100.0
0.0,,10.2,3,100.0
0.0,,10.3,3,100.0
0.0,,12.0,3,100.0
0.0,,11.4,3,100.0
0.0,,11.9,3,100.0
0.0,,11.0,3,100.0
0.0,,10.9,3,100.0
0.0,,12.1,3,100.0
0.0,,11.2,3,100.0
0.0,,9.8,3,100.0
0.0,,11.0,3,100.0
0.0,,11.1,3,100.0
0.0,,10.2,3,100.0
0.0,,11.1,3,100.0
0.0,,11.9,3,100.0
0.0,,8.9,3,100.0
0.0,,11.2,3,100.0
0.0,,9.3,3,100.0
0.0,,9.6,3,100.0
0.0,,9.9,3,100.0
0.0,,8.4,3,100.0
0.0,,9.5,3,100.0
0.0,,10.4,3,100.0
0.0,,10.6,3,100.0
0.0,,10.2,3,100.0
0.0,,9.9,3,100.0
0.0,,10.8,3,100.0
0.0,,10.1,3,100.0
0.0,,9.2,3,100.0
0.0,,9.8,3,100.0
0.0,,10.5,3,100.0
0.0,,10.4,3,100.0
0.0,,10.0,3,100.0
0.0,,9.4,3,100.0
0.0,,9.1,3,100.0
0.0,,9.0,3,100.0
0.0,,7.1,3,100.0
0.0,,7.1,3,100.0
0.0,,7.1,3,100.0
0.0,,7.1,3,100.0
0.0,,7.3,3,100.0
0.0,,6.6,3,100.0
0.0,,5.8,3,100.0
0.0,,6.1,3,100.0
0.0,,5.5,3,100.0
0.0,,6.0,3,100.0
0.0,,5.0,3,100.0
0.0,,5.2,3,100.0
0.0,,5.4,3,100.0
0.0,,6.1,3,100.0
0.0,,6.2,3,100.0
0.0,,7.3,3,100.0
0.0,,8.1,3,100.0
0.0,,9.2,3,100.0
0.0,,10.0,3,100.0
0.0,,10.2,3,100.0
0.0,,9.6,3,100.0
0.0,,8.2,3,100.0
0.0,,7.2,3,100.0
0.0,,7.3,3,100.0
0.0,,7.7,3,100.0
0.0,,6.8,3,100.0
0.0,,7.7,3,100.0
0.0,,7.6,3,100.0
0.0,,6.9,3,100.0
0.0,,7.1,3,100.0
0.0,,8.8,3,100.0
0.0,,8.6,3,100.0
0.0,,9.3,3,100.0
0.0,,9.5,3,100.0
0.0,,10.9,3,100.0
0.0,,10.8,3,100.0
0.0,,9.5,3,100.0
0.0,,11.6,3,100.0
0.0,,9.4,3,100.0
0.0,,10.8,3,100.0
0.0,,10.1,3,100.0
0.0,,8.9,3,100.0
0.0,,7.2,3,100.0
0.0,,6.3,3,100.0
0.0,,6.7,3,100.0
0.0,,5.7,3,100.0
0.0,,6.1,3,100.0
0.0,,6.5,3,100.0
0.0,,7.3,3,100.0
0.0,,7.0,3,100.0
0.0,,8.7,3,100.0
0.0,,8.1,3,100.0
0.0,,9.2,3,100.0
0.0,,10.1,3,100.0
0.0,,10.4,3,100.0
0.0,,10.8,3,100.0
0.0,,10.6,3,100.0
0.0,,11.4,3,100.0
0.0,,9.9,3,100.0
0.0,,10.2,3,100.0
0.0,,10.6,3,100.0
0.0,,10.4,3,100.0
0.0,,10.9,3,100.0
0.0,,11.2,3,100.0
0.0,,10.7,3,100.0
0.0,,11.7,3,100.0
0.0,,11.8,3,100.0
0.0,,11.3,3,100.0
0.0,,12.2,3,100.0
0.0,,11.5,3,100.0
0.0,,12.5,3,100.0
0.0,,11.6,3,100.0
0.0,,11.9,3,100.0
0.0,,11.9,3,100.0
0.0,,11.7,3,100.0
0.0,,12.6,3,100.0
0.0,,12.7,3,100.0
0.0,,11.2,3,100.0
0.0,,11.2,3,100.0
0.0,,11.3,3,100.0
0.0,,10.5,3,100.0
0.0,,10.8,3,100.0
0.0,,11.2,3,100.0
0.0,,10.4,3,100.0
0.0,,10.9,3,100.0
0.0,,10.1,3,100.0
0.0,,11.5,3,100.0
0.0,,10.6,3,100.0
0.0,,11.9,3,100.0
0.0,,11.1,3,100.0
0.0,,10.5,3,100.0
0.0,,11.1,3,100.0
0.0,,12.3,3,100.0
0.0,,12.1,3,100.0
0.0,,12.1,3,100.0
0.0,,11.9,3,100.0
0.0,,10.8,3,100.0
0.0,,11.3,3,100.0
0.0,,11.7,3,100.0
0.0,,12.0,3,100.0
0.0,,11.2,3,100.0
0.0,,11.3,3,100.0
0.0,,11.2,3,100.0
0.0,,12.2,3,100.0
0.0,,11.9,3,100.0
0.0,,9.8,3,100.0
0.0,,11.3,3,100.0
0.0,,10.7,3,100.0
0.0,,10.3,3,100.0
0.0,,10.2,3,100.0
0.0,,9.2,3,100.0
0.0,,8.6,3,100.0
0.0,,7.6,3,100.0
0.0,,8.3,3,100.0
0.0,,7.4,3,100.0
0.0,,7.3,3,100.0
0.0,,6.7,3,100.0
0.0,,5.7,3,100.0
0.0,,6.3,3,100.0
0.0,,7.4,3,100.0
0.0,,7.0,3,100.0
0.0,,7.4,3,100.0
0.0,,5.4,3,100.0
0.0,,6.8,3,100.0
0.0,,5.9,3,100.0
0.0,,5.7,3,100.0
0.0,,4.6,3,100.0
0.0,,4.6,3,100.0
0.0,,5.6,3,100.0
0.0,,6.0,3,100.0
0.0,,6.8,3,100.0
0.0,,8.4,3,100.0
0.0,,8.5,3,100.0
0.0,,8.1,3,100.0
0.0,,7.9,3,100.0
0.0,,10.2,3,100.0
0.0,,10.4,3,100.0
0.0,,11.2,3,100.0
0.0,,11.4,3,100.0
0.0,,11.6,3,100.0
0.0,,11.7,3,100.0
0.0,,12.5,3,100.0
0.0,,13.0,3,100.0
0.0,,12.7,3,100.0
0.0,,11.9,3,100.0
0.0,,13.0,3,100.0
0.0,,11.6,3,100.0
0.0,,11.5,3,100.0
0.0,,10.5,3,100.0
0.0,,11.9,3,100.0
0.0,,11.3,3,100.0
0.0,,10.0,3,100.0
0.0,,10.1,3,100.0
0.0,,11.2,3,100.0
0.0,,12.1,3,100.0
0.0,,10.6,3,100.0
0.0,,11.2,3,100.0
0.0,,11.3,3,100.0
0.0,,9.3,3,100.0
0.0,,9.3,3,100.0
0.0,,8.9,3,100.0
0.0,,8.3,3,100.0
0.0,,7.1,3,100.0
0.0,,8.2,3,100.0
0.0,,7.7,3,100.0
0.0,,7.9,3,100.0
0.0,,8.2,3,100.0
0.0,,6.1,3,100.0
0.0,,6.0,3,100.0
0.0,,5.5,3,100.0
0.0,,4.1,3,100.0
0.0,,5.8,3,100.0
0.0,,4.9,3,100.0
0.0,,4.9,3,100.0
0.0,,5.8,3,100.0
0.0,,5.3,3,100.0
0.0,,6.3,3,100.0
0.0,,4.2,3,100.0
0.0,,4.8,3,100.0
0.0,,5.1,3,100.0
0.0,,5.8,3,100.0
0.0,,5.6,3,100.0
0.0,,7.4,3,100.0
0.0,,8.7,3,100.0
0.0,,8.8,3,100.0
0.0,,10.0,3,100.0
0.0,,9.6,3,100.0
0.0,,11.3,3,100.0
0.0,,12.1,3,100.0
0.0,,12.6,3,100.0
0.0,,13.0,3,100.0
0.0,,12.2,3,100.0
0.0,,12.9,3,100.0
0.0,,13.6,3,100.0
0.0,,13.0,3,100.0
0.0,,13.2,3,100.0
0.0,,13.8,3,100.0
0.0,,15.0,3,100.0
0.0,,15.1,3,100.0
0.0,,16.6,3,100.0
0.0,,16.3,3,100.0
0.0,,17.3,3,100.0
0.0,,17.3,3,100.0
0.0,,19.7,3,100.0
0.0,,19.5,3,100.0
0.0,,18.8,3,100.0
0.0,,18.7,3,100.0
0.0,,18.6,3,100.0
0.0,,19.4,3,100.0
0.0,,17.4,3,100.0
0.0,,17.1,3,100.0
0.0,,16.6,3,100.0
0.0,,16.6,3,100.0
0.0,,15.9,3,100.0
0.0,,14.6,3,100.0
0.0,,12.9,3,100.0
0.0,,13.6,3,100.0
0.0,,12.9,3,100.0
0.0,,12.4,3,100.0
0.0,,12.2,3,100.0
0.0,,10.8,3,100.0
0.0,,11.1,3,100.0
0.0,,9.3,3,100.0
0.0,,10.8,3,100.0
0.0,,9.7,3,100.0
0.0,,9.7,3,100.0
0.0,,8.4,3,100.0
0.0,,8.4,3,100.0
0.0,,6.7,3,100.0
0.0,,7.7,3,100.0
0.0,,6.5,3,100.0
0.0,,7.6,3,100.0
0.0,,6.2,3,100.0
0.0,,8.4,3,100.0
0.0,,8.0,3,100.0
0.0,,6.8,3,100.0
0.0,,7.6,3,100.0
0.0,,7.4,3,100.0
0.0,,7.2,3,100.0
0.0,,8.0,3,100.0
0.0,,8.4,3,100.0
0.0,,9.8,3,100.0
0.0,,7.8,3,100.0
0.0,,10.6,3,100.0
0.0,,8.8,3,100.0
0.0,,8.8,3,100.0
0.0,,9.5,3,100.0
0.0,,8.4,3,100.0
0.0,,9.5,3,100.0
0.0,,10.3,3,100.0
0.0,,10.0,3,100.0
0.0,,9.0,3,100.0
0.0,,9.6,3,100.0
0.0,,9.7,3,100.0
0.0,,10.0,3,100.0
0.0,,9.3,3,100.0
0.0,,9.9,3,100.0
0.0,,10.3,3,100.0
0.0,,10.2,3,100.0
0.0,,10.1,3,100.0
0.0,,10.6,3,100.0
0.0,,9.9,3,100.0
0.0,,9.8,3,100.0
0.0,,9.5,3,100.0
0.0,,9.4,3,100.0
0.0,,10.3,3,100.0
0.0,,10.1,3,100.0
0.0,,10.4,3,100.0
0.0,,8.9,3,100.0
0.0,,10.4,3,100.0
0.0,,10.1,3,100.0
0.0,,10.2,3,100.0
0.0,,11.1,3,100.0
0.0,,10.4,3,100.0
0.0,,10.4,3,100.0
0.0,,9.6,3,100.0
0.0,,10.6,3,100.0
0.0,,10.0,3,100.0
0.0,,10.1,3,100.0
0.0,,10.2,3,100.0
0.0,,10.8,3,100.0
0.0,,10.2,3,100.0
0.0,,10.6,3,100.0
0.0,,10.1,3,100.0
0.0,,10.0,3,100.0
0.0,,11.8,3,100.0
0.0,,10.6,3,100.0
0.0,,11.8,3,100.0
0.0,,9.4,3,100.0
2.33,,11.7,3,100.0
2.33,,10.6,3,100.0
2.32,,11.8,3,100.0
2.32,,10.7,3,100.0
2.31,,10.2,3,100.0
2.31,,12.1,3,100.0
2.3,,11.3,3,100.0
2.3,,11.2,3,100.0
2.29,,10.9,3,100.0
2.28,,10.9,3,100.0
2.28,,11.4,3,100.0
2.27,,10.8,3,100.0
2.27,,11.3,3,100.0
2.26,,12.1,3,100.0
2.26,,10.3,3,100.0
2.25,,12.0,3,100.0
2.25,,11.4,3,100.0
2.24,,11.2,3,100.0
2.24,,12.2,3,100.0
2.23,,12.6,3,100.0
2.23,,11.9,3,100.0
2.22,,11.7,3,100.0
2.22,,12.0,3,100.0
2.21,,11.7,3,100.0
2.21,,12.0,3,100.0
2.2,,11.7,3,100.0
2.2,,11.6,3,100.0
4.39,,11.3,3,100.0
4.38,,11.6,3,100.0
4.37,,12.0,3,100.0
4.36,,12.2,3,100.0
4.35,,12.1,3,100.0
4.34,,10.6,3,100.0
4.33,,12.7,3,100.0
4.32,,11.6,3,100.0
4.31,,11.7,3,100.0
4.3,,11.6,3,100.0
6.44,,12.0,3,100.0
6.43,,11.4,3,100.0
6.42,,12.2,3,100.0
6.4,,11.4,3,100.0
6.39,,11.1,3,100.0
6.37,,11.3,3,100.0
6.36,,11.0,3,100.0
6.35,,11.6,3,100.0
6.33,,11.9,3,100.0
6.32,,12.4,3,100.0
6.31,,12.5,3,100.0
6.29,,12.7,3,100.0
6.28,,13.2,3,100.0
6.27,,12.7,3,100.0
6.25,,12.7,3,100.0
6.24,,12.5,3,100.0
6.23,,11.5,3,100.0
6.22,,12.3,3,100.0
6.2,,12.6,3,100.0
6.19,,12.5,3,100.0
6.18,,11.9,3,100.0
6.16,,12.7,3,100.0
6.15,,11.9,3,100.0
6.14,,11.8,3,100.0
6.13,,12.1,3,100.0
6.11,,12.4,3,100.0
6.1,,12.8,3,100.0
6.09,,13.3,3,100.0
6.08,,12.2,3,100.0
6.06,,13.6,3,100.0
6.05,,14.3,3,100.0
6.04,,14.6,3,100.0
6.03,,15.9,3,100.0
6.01,,16.6,3,100.0
6.0,,16.8,3,100.0
5.99,,16.0,3,100.0
5.98,,16.6,3,100.0
5.97,,16.3,3,100.0
5.96,,18.3,3,100.0
5.94,,19.0,3,100.0
5.93,,18.9,3,100.0
5.92,,18.5,3,100.0
5.91,,20.1,3,100.0
5.9,,19.8,3,100.0
5.89,,19.0,3,100.0
5.87,,17.9,3,100.0
5.86,,17.2,3,100.0
5.85,,16.5,3,100.0
5.84,,15.8,3,100.0
7.77,,16.4,3,100.0
7.76,,15.2,3,100.0
7.74,,16.4,3,100.0
7.73,,16.1,3,100.0
7.71,,16.8,3,100.0
9.62,,17.0,3,100.0
9.6,,16.2,3,100.0
11.5,,16.0,3,100.0
11.48,,15.4,3,100.0
11.46,,15.2,3,100.0
11.44,,15.3,3,100.0
11.41,,14.5,3,100.0
11.39,,14.9,3,100.0
13.27,,14.6,3,100.0
13.24,,13.9,3,100.0
13.22,,14.2,3,100.0
13.19,,15.5,3,100.0
13.17,,15.1,3,100.0
13.14,,15.4,3,100.0
13.12,,15.5,3,100.0
13.09,,14.9,3,100.0
13.07,,15.1,3,100.0
13.04,,14.5,3,100.0
13.02,,15.1,3,100.0
13.0,,14.3,3,100.0
12.97,,14.2,3,100.0
12.95,,12.9,3,100.0
12.92,,11.2,3,100.0
12.9,,11.0,3,100.0
12.88,,12.3,3,100.0
12.85,,11.3,3,100.0
12.83,,11.0,3,100.0
12.81,,11.3,3,100.0
12.78,,10.5,3,100.0
12.76,,10.6,3,100.0
12.74,,9.2,3,100.0
12.71,,6.2,3,100.0
12.69,,5.2,3,100.0
12.67,,3.5,3,100.0
12.64,,2.4,3,100.0
12.62,,1.2,3,100.0
12.6,,0.5,3,100.0
12.58,,1.4,3,100.0
12.55,,0.1,3,100.0
12.53,,2.5,3,100.0
12.51,,2.6,3,100.0
12.49,,4.8,3,100.0
12.46,,6.9,3,100.0
12.44,,8.6,3,100.0
12.42,,11.5,3,100.0
12.4,,12.1,3,100.0
12.38,,12.7,3,100.0
12.35,,12.8,3,100.0
12.33,,12.3,3,100.0
12.31,,12.9,3,100.0
12.29,,11.7,3,100.0
12.27,,9.9,3,100.0
12.25,,8.3,3,100.0
12.22,,8.4,3,100.0
12.2,,7.1,3,100.0
12.18,,7.9,3,100.0
12.16,,7.6,3,100.0
12.14,,8.5,3,100.0
12.12,,9.0,3,100.0
12.1,,10.6,3,100.0
12.08,,11.3,3,100.0
12.06,,12.2,3,100.0
12.04,,13.9,3,100.0
12.01,,13.3,3,100.0
11.99,,14.2,3,100.0
11.97,,14.4,3,100.0
11.95,,15.5,3,100.0
11.93,,14.2,3,100.0
11.91,,12.6,3,100.0
11.89,,13.2,3,100.0
11.87,,12.3,3,100.0
11.85,,14.0,3,100.0
11.83,,12.2,3,100.0
11.81,,12.2,3,100.0
11.79,,12.5,3,100.0
11.77,,12.8,3,100.0
11.75,,12.6,3,100.0
11.73,,12.1,3,100.0
11.71,,11.4,3,100.0
11.69,,12.7,3,100.0
11.67,,12.7,3,100.0
11.66,,12.1,3,100.0
11.64,,12.2,3,100.0
11.62,,11.5,3,100.0
11.6,,12.0,3,100.0
11.58,,11.0,3,100.0
11.56,,11.0,3,100.0
11.54,,11.6,3,100.0
11.52,,12.2,3,100.0
11.5,,10.8,3,100.0
11.48,,12.1,3,100.0
11.46,,12.4,3,100.0
11.45,,13.0,3,100.0
11.43,,12.2,3,100.0
11.41,,12.9,3,100.0
11.39,,13.7,3,100.0
11.37,,12.4,3,100.0
11.35,,12.3,3,100.0
11.33,,10.3,3,100.0
11.32,,10.0,3,100.0
11.3,,8.5,3,100.0
11.28,,7.3,3,100.0
11.26,,6.0,3,100.0
11.24,,7.9,3,100.0
11.23,,5.4,3,100.0
11.21,,4.0,3,100.0
11.19,,4.4,3,100.0
11.17,,4.5,3,100.0
11.15,,4.3,3,100.0
11.14,,4.5,3,100.0
11.12,,3.2,3,100.0
11.1,,3.2,3,100.0
11.08,,2.2,3,100.0
11.06,,1.9,3,100.0
11.05,,2.7,3,100.0
11.03,,2.3,3,100.0
11.01,,2.2,3,100.0
11.0,,2.8,3,100.0
10.98,,2.3,3,100.0
10.96,,2.8,3,100.0
10.94,,2.4,3,100.0
10.93,,1.9,3,100.0
10.91,,2.1,3,100.0
10.89,,1.5,3,100.0
10.88,,2.6,3,100.0
10.86,,2.2,3,100.0
10.84,,2.5,3,100.0
10.83,,2.7,3,100.0
10.81,,2.9,3,100.0
10.79,,2.5,3,100.0
10.78,,3.9,3,100.0
10.76,,3.5,3,100.0
10.74,,3.3,3,100.0
10.73,,3.2,3,100.0
10.71,,4.0,3,100.0
10.69,,3.0,3,100.0
10.68,,2.4,3,100.0
10.66,,2.5,3,100.0
10.65,,3.1,3,100.0
12.15,,2.7,3,100.0
12.13,,1.8,3,100.0
12.11,,1.1,3,100.0
12.09,,1.5,3,100.0
12.07,,2.3,3,100.0
12.06,,2.1,3,100.0
12.04,,2.6,3,100.0
12.02,,2.1,3,100.0
12.0,,0.3,3,100.0
11.98,,2.6,3,100.0
11.97,,2.0,3,100.0
11.95,,2.3,3,100.0
11.93,,2.3,3,100.0
11.91,,0.7,3,100.0
11.89,,3.2,3,100.0
11.88,,2.2,3,100.0
11.86,,2.9,3,100.0
11.84,,2.5,3,100.0
11.82,,4.1,3,100.0
11.81,,2.8,3,100.0
11.79,,3.9,3,100.0
11.77,,2.2,3,100.0
11.75,,2.9,3,100.0
11.74,,1.6,3,100.0
11.72,,0.4,3,100.0
11.7,,1.8,3,100.0
11.69,,1.1,3,100.0
11.67,,0.3,3,100.0
11.65,,0.8,3,100.0
11.64,,1.1,3,100.0
11.62,,0.6,3,100.0
11.6,,0.8,3,100.0
11.59,,1.0,3,100.0
11.57,,0.2,3,100.0
11.55,,0.1,3,100.0
11.54,,1.1,3,100.0
12.96,,0.4,3,100.0
12.94,,1.5,3,100.0
12.92,,1.5,3,100.0
12.9,,1.4,3,100.0
12.88,,0.7,3,100.0
12.87,,1.8,3,100.0
12.85,,0.6,3,100.0
12.83,,1.2,3,100.0
12.81,,3.0,3,100.0
12.79,,1.7,3,100.0
12.77,,3.5,3,100.0
12.76,,3.3,3,100.0
12.74,,2.5,3,100.0
12.72,,2.0,3,100.0
12.7,,3.3,3,100.0
12.68,,2.2,3,100.0
12.67,,2.5,3,100.0
12.65,,2.9,3,100.0
12.63,,3.3,3,100.0
12.61,,2.5,3,100.0
12.6,,2.5,3,100.0
12.58,,3.2,3,100.0
12.56,,3.9,3,100.0
12.54,,3.8,3,100.0
12.53,,4.2,3,100.0
12.51,,3.0,3,100.0
12.49,,3.5,3,100.0
12.47,,4.1,3,100.0
12.46,,3.8,3,100.0
12.44,,4.3,3,100.0
0.0,,3.1,4,100.0
0.0,,2.8,4,100.0
0.0,,0.6,4,100.0
0.0,,3.4,4,100.0
0.0,,5.3,4,100.0
0.0,,9.7,4,100.0
0.0,,12.4,4,100.0
0.0,,15.1,4,100.0
0.0,,18.2,4,100.0
0.0,,20.7,4,100.0
0.0,,21.4,4,100.0
0.0,,22.6,4,100.0
0.0,,23.3,4,100.0
0.0,,22.6,4,100.0
0.0,,21.8,4,100.0
0.0,,18.2,4,100.0
0.0,,19.6,4,100.0
0.0,,17.6,4,100.0
0.0,,16.8,4,100.0
0.0,,15.8,4,100.0
0.0,,14.8,4,100.0
0.0,,14.9,4,100.0
0.0,,13.8,4,100.0
0.0,,13.6,4,100.0
0.0,,13.2,4,100.0
0.0,,12.6,4,100.0
0.0,,11.7,4,100.0
0.0,,11.8,4,100.0
0.0,,11.2,4,100.0
0.0,,11.2,4,100.0
0.0,,12.4,4,100.0
0.0,,12.8,4,100.0
0.0,,11.9,4,100.0
0.0,,9.0,4,100.0
0.0,,6.1,4,100.0
0.0,,5.7,4,100.0
0.0,,4.8,4,100.0
0.0,,4.9,4,100.0
0.0,,5.4,4,100.0
0.0,,5.4,4,100.0
0.0,,3.9,4,100.0
0.0,,5.9,4,100.0
0.0,,6.3,4,100.0
0.0,,5.4,4,100.0
0.0,,6.2,4,100.0
0.0,,5.4,4,100.0
0.0,,4.8,4,100.0
0.0,,4.4,4,100.0
0.0,,3.9,4,100.0
0.0,,3.3,4,100.0
0.0,,3.3,4,100.0
0.0,,5.6,4,100.0
0.0,,4.4,4,100.0
0.0,,5.5,4,100.0
0.0,,5.1,4,100.0
0.0,,5.0,4,100.0
0.0,,5.6,4,100.0
0.0,,5.2,4,100.0
0.0,,4.9,4,100.0
0.0,,4.9,4,100.0
0.0,,3.6,4,100.0
0.0,,4.6,4,100.0
0.0,,4.8,4,100.0
0.0,,4.0,4,100.0
0.0,,2.9,4,100.0
0.0,,2.9,4,100.0
0.0,,2.9,4,100.0
0.0,,2.1,4,100.0
0.0,,1.0,4,100.0
0.0,,3.0,4,100.0
0.0,,3.4,4,100.0
0.0,,3.1,4,100.0
0.0,,3.3,4,100.0
0.0,,1.0,4,100.0
0.0,,3.4,4,100.0
0.0,,3.0,4,100.0
0.0,,2.3,4,100.0
0.0,,4.0,4,100.0
0.0,,2.7,4,100.0
0.0,,3.9,4,100.0
0.0,,3.6,4,100.0
0.0,,4.1,4,100.0
0.0,,3.7,4,100.0
0.0,,4.3,4,100.0
0.0,,3.1,4,100.0
0.0,,2.8,4,100.0
0.0,,3.2,4,100.0
0.0,,3.0,4,100.0
0.0,,3.0,4,100.0
0.0,,2.0,4,100.0
0.0,,2.4,4,100.0
0.0,,2.6,4,100.0
0.0,,1.9,4,100.0
0.0,,3.2,4,100.0
0.0,,2.3,4,100.0
0.0,,2.6,4,100.0
0.0,,2.6,4,100.0
0.0,,3.5,4,100.0
0.0,,1.8,4,100.0
0.0,,2.1,4,100.0
0.0,,2.8,4,100.0
0.0,,2.5,4,100.0
0.0,,3.5,4,100.0
0.0,,2.8,4,100.0
0.0,,2.1,4,100.0
0.0,,1.9,4,100.0
0.0,,2.5,4,100.0
0.0,,2.4,4,100.0
0.0,,2.8,4,100.0
0.0,,2.8,4,100.0
0.0,,1.7,4,100.0
0.0,,2.8,4,100.0
0.0,,1.7,4,100.0
0.0,,1.4,4,100.0
0.0,,2.6,4,100.0
0.0,,1.6,4,100.0
0.0,,2.1,4,100.0
0.0,,2.3,4,100.0
0.0,,2.9,4,100.0
0.0,,2.8,4,100.0
0.0,,2.4,4,100.0
0.0,,2.8,4,100.0
0.0,,2.5,4,100.0
0.0,,2.4,4,100.0
0.0,,3.9,4,100.0
0.0,,2.2,4,100.0
0.0,,3.1,4,100.0
0.0,,2.7,4,100.0
0.0,,4.2,4,100.0
0.0,,3.2,4,100.0
0.0,,2.6,4,100.0
0.0,,2.8,4,100.0
0.0,,2.8,4,100.0
0.0,,2.5,4,100.0
0.0,,2.7,4,100.0
0.0,,2.4,4,100.0
0.0,,2.9,4,100.0
0.0,,2.7,4,100.0
0.0,,1.8,4,100.0
0.0,,2.8,4,100.0
0.0,,2.3,4,100.0
0.0,,3.0,4,100.0
0.0,,3.5,4,100.0
0.0,,3.5,4,100.0
0.0,,3.9,4,100.0
0.0,,2.4,4,100.0
0.0,,2.2,4,100.0
0.0,,2.7,4,100.0
0.0,,3.9,4,100.0
0.0,,2.6,4,100.0
0.0,,2.2,4,100.0
0.0,,3.2,4,100.0
0.0,,2.8,4,100.0
0.0,,3.3,4,100.0
0.0,,3.1,4,100.0
0.0,,3.3,4,100.0
0.0,,3.6,4,100.0
0.0,,3.4,4,100.0
0.0,,3.1,4,100.0
0.0,,3.8,4,100.0
0.0,,2.7,4,100.0
0.0,,2.8,4,100.0
0.0,,2.8,4,100.0
0.0,,3.3,4,100.0
0.0,,3.6,4,100.0
0.0,,3.6,4,100.0
0.0,,3.1,4,100.0
0.0,,2.8,4,100.0
0.0,,2.7,4,100.0
0.0,,3.0,4,100.0
0.0,,2.7,4,100.0
0.0,,3.1,4,100.0
0.0,,3.1,4,100.0
0.0,,3.0,4,100.0
0.0,,3.4,4,100.0
0.0,,3.6,4,100.0
0.0,,3.0,4,100.0
0.0,,2.3,4,100.0
0.0,,2.8,4,100.0
0.0,,3.1,4,100.0
0.0,,2.4,4,100.0
0.0,,2.7,4,100.0
0.0,,3.3,4,100.0
0.0,,3.2,4,100.0
0.0,,2.4,4,100.0
0.0,,1.5,4,100.0
0.0,,1.6,4,100.0
0.0,,1.6,4,100.0
0.0,,1.9,4,100.0
0.0,,1.8,4,100.0
0.0,,1.7,4,100.0
0.0,,1.3,4,100.0
0.0,,0.4,4,100.0
0.0,,1.1,4,100.0
0.0,,1.4,4,100.0
0.0,,1.3,4,100.0
0.0,,0.9,4,100.0
0.0,,0.3,4,100.0
0.0,,2.4,4,100.0
0.0,,0.8,4,100.0
0.0,,1.0,4,100.0
0.0,,1.3,4,100.0
0.0,,2.0,4,100.0
0.0,,0.9,4,100.0
0.0,,0.6,4,100.0
0.0,,0.7,4,100.0
0.0,,0.2,4,100.0
0.0,,1.0,4,100.0
0.0,,0.9,4,100.0
0.0,,1.3,4,100.0
0.0,,0.4,4,100.0
0.0,,1.6,4,100.0
0.0,,1.3,4,100.0
0.0,,0.0,4,100.0
0.0,,0.1,4,100.0
0.0,,1.7,4,100.0
0.0,,1.7,4,100.0
0.0,,0.5,4,100.0
0.0,,0.7,4,100.0
0.0,,0.3,4,100.0
0.0,,0.1,4,100.0
0.0,,0.3,4,100.0
0.0,,0.6,4,100.0
0.0,,0.7,4,100.0
0.0,,0.8,4,100.0
0.0,,0.6,4,100.0
0.0,,0.0,4,100.0
0.0,,0.7,4,100.0
0.0,,0.5,4,100.0
0.0,,1.0,4,100.0
0.0,,1.0,4,100.0
0.0,,0.4,4,100.0
0.0,,0.4,4,100.0
0.0,,0.8,4,100.0
0.0,,2.2,4,100.0
0.0,,1.0,4,100.0
0.0,,0.1,4,100.0
0.0,,1.4,4,100.0
0.0,,0.9,4,100.0
0.0,,1.2,4,100.0
0.0,,2.2,4,100.0
0.0,,0.1,4,100.0
0.0,,2.6,4,100.0
0.0,,1.7,4,100.0
0.0,,1.4,4,100.0
0.0,,0.5,4,100.0
0.0,,2.9,4,100.0
0.0,,1.4,4,100.0
0.0,,2.7,4,100.0
0.0,,2.1,4,100.0
0.0,,1.9,4,100.0
0.0,,2.6,4,100.0
0.0,,1.9,4,100.0
0.0,,0.7,4,100.0
0.0,,1.5,4,100.0
0.0,,0.7,4,100.0
0.0,,1.3,4,100.0
0.0,,1.3,4,100.0
0.0,,0.5,4,100.0
0.0,,0.0,4,100.0
0.0,,0.3,4,100.0
0.0,,0.6,4,100.0
0.0,,1.4,4,100.0
0.0,,0.6,4,100.0
0.0,,0.6,4,100.0
0.0,,2.1,4,100.0
0.0,,1.7,4,100.0
0.0,,2.0,4,100.0
0.0,,1.6,4,100.0
0.0,,0.3,4,100.0
0.0,,1.3,4,100.0
0.0,,1.2,4,100.0
0.0,,1.6,4,100.0
0.0,,0.3,4,100.0
0.0,,1.1,4,100.0
0.0,,1.5,4,100.0
0.0,,1.7,4,100.0
0.0,,0.2,4,100.0
0.0,,1.0,4,100.0
0.0,,2.0,4,100.0
0.0,,0.2,4,100.0
0.0,,0.7,4,100.0
0.0,,1.1,4,100.0
0.0,,0.9,4,100.0
0.0,,0.4,4,100.0
0.0,,1.4,4,100.0
0.0,,1.4,4,100.0
0.0,,2.1,4,100.0
0.0,,0.7,4,100.0
0.0,,0.1,4,100.0
0.0,,1.4,4,100.0
0.0,,0.8,4,100.0
0.0,,1.9,4,100.0
0.0,,0.7,4,100.0
0.0,,1.2,4,100.0
0.0,,0.8,4,100.0
0.0,,0.1,4,100.0
0.0,,1.5,4,100.0
0.0,,0.6,4,100.0
0.0,,1.4,4,100.0
0.0,,2.0,4,100.0
0.0,,1.6,4,100.0
0.0,,1.9,4,100.0
0.0,,1.4,4,100.0
0.0,,1.3,4,100.0
0.0,,1.6,4,100.0
0.0,,1.7,4,100.0
0.0,,1.0,4,100.0
0.0,,0.4,4,100.0
0.0,,1.1,4,100.0
0.0,,1.6,4,100.0
0.0,,2.3,4,100.0
0.0,,0.6,4,100.0
0.0,,0.5,4,100.0
0.0,,0.4,4,100.0
0.0,,0.3,4,100.0
0.0,,0.9,4,100.0
0.0,,1.0,4,100.0
0.0,,1.8,4,100.0
0.0,,1.8,4,100.0
0.0,,0.3,4,100.0
0.0,,1.9,4,100.0
0.0,,0.6,4,100.0
0.0,,0.1,4,100.0
0.0,,1.2,4,100.0
0.0,,0.2,4,100.0
0.0,,0.5,4,100.0
0.0,,2.0,4,100.0
0.0,,0.6,4,100.0
0.0,,1.0,4,100.0
0.0,,2.0,4,100.0
0.0,,0.1,4,100.0
0.0,,0.6,4,100.0
0.0,,0.5,4,100.0
0.0,,1.2,4,100.0
0.0,,1.1,4,100.0
0.0,,2.9,4,100.0
0.0,,0.5,4,100.0
0.0,,4.0,4,100.0
0.0,,2.8,4,100.0
0.0,,1.8,4,100.0
0.0,,0.5,4,100.0
0.0,,2.2,4,100.0
0.0,,0.9,4,100.0
0.0,,1.0,4,100.0
0.0,,1.7,4,100.0
0.0,,0.8,4,100.0
0.0,,2.1,4,100.0
0.0,,0.9,4,100.0
0.0,,1.2,4,100.0
0.0,,0.3,4,100.0
0.0,,1.2,4,100.0
0.0,,1.1,4,100.0
0.0,,0.7,4,100.0
0.0,,0.9,4,100.0
0.0,,0.1,4,100.0
0.0,,1.4,4,100.0
0.0,,0.6,4,100.0
0.0,,0.1,4,100.0
0.0,,1.3,4,100.0
0.0,,1.2,4,100.0
0.0,,0.3,4,100.0
0.0,,1.1,4,100.0
0.0,,0.9,4,100.0
0.0,,1.5,4,100.0
0.0,,1.5,4,100.0
0.0,,0.1,4,100.0
0.0,,0.3,4,100.0
0.0,,0.7,4,100.0
0.0,,0.4,4,100.0
0.0,,1.9,4,100.0
0.0,,1.8,4,100.0
0.0,,1.2,4,100.0
0.0,,1.4,4,100.0
0.0,,2.0,4,100.0
0.0,,2.1,4,100.0
0.0,,1.7,4,100.0
0.0,,1.6,4,100.0
0.0,,0.9,4,100.0
0.0,,1.7,4,100.0
0.0,,1.4,4,100.0
0.0,,2.0,4,100.0
0.0,,2.0,4,100.0
2.55,,1.4,4,100.0
2.55,,1.8,4,100.0
2.54,,1.4,4,100.0
2.53,,0.8,4,100.0
2.53,,0.4,4,100.0
2.52,,1.1,4,100.0
2.51,,1.5,4,100.0
2.51,,1.6,4,100.0
2.5,,0.4,4,100.0
2.5,,0.4,4,100.0
2.49,,1.9,4,100.0
2.48,,1.9,4,100.0
2.48,,3.6,4,100.0
2.47,,4.5,4,100.0
2.46,,5.4,4,100.0
2.46,,5.6,4,100.0
2.45,,7.0,4,100.0
2.45,,6.2,4,100.0
2.44,,6.9,4,100.0
2.43,,8.1,4,100.0
2.43,,6.6,4,100.0
2.42,,7.7,4,100.0
2.42,,7.3,4,100.0
2.41,,6.1,4,100.0
2.41,,4.6,4,100.0
2.4,,6.0,4,100.0
2.39,,5.9,4,100.0
2.39,,4.8,4,100.0
2.38,,5.3,4,100.0
2.38,,4.7,4,100.0
2.37,,5.5,4,100.0
2.37,,5.8,4,100.0
2.36,,6.4,4,100.0
2.35,,5.8,4,100.0
2.35,,5.7,4,100.0
2.34,,4.7,4,100.0
2.34,,4.5,4,100.0
2.33,,6.0,4,100.0
2.33,,4.9,4,100.0
2.32,,4.4,4,100.0
2.32,,3.9,4,100.0
2.31,,4.3,4,100.0
2.31,,5.4,4,100.0
2.3,,5.2,4,100.0
2.3,,5.0,4,100.0
2.29,,5.8,4,100.0
2.28,,4.1,4,100.0
2.28,,4.3,4,100.0
2.27,,4.7,4,100.0
2.27,,4.8,4,100.0
2.26,,5.3,4,100.0
2.26,,5.6,4,100.0
2.25,,5.3,4,100.0
2.25,,5.7,4,100.0
2.24,,7.4,4,100.0
4.48,,7.5,4,100.0
4.47,,6.8,4,100.0
4.46,,7.2,4,100.0
4.45,,7.6,4,100.0
4.44,,6.7,4,100.0
4.43,,7.5,4,100.0
4.42,,6.5,4,100.0
4.41,,6.3,4,100.0
4.4,,6.8,4,100.0
4.39,,4.7,4,100.0
4.38,,5.0,4,100.0
4.37,,5.0,4,100.0
4.36,,3.8,4,100.0
4.35,,2.9,4,100.0
4.34,,2.8,4,100.0
4.33,,3.1,4,100.0
4.32,,2.3,4,100.0
4.31,,2.4,4,100.0
4.3,,2.1,4,100.0
4.3,,2.2,4,100.0
4.29,,2.1,4,100.0
4.28,,3.4,4,100.0
4.27,,2.8,4,100.0
4.26,,3.0,4,100.0
4.25,,2.4,4,100.0
4.24,,1.0,4,100.0
4.23,,3.9,4,100.0
4.22,,0.8,4,100.0
4.21,,3.6,4,100.0
4.2,,3.7,4,100.0
4.2,,1.1,4,100.0
4.19,,1.7,4,100.0
6.27,,2.6,4,100.0
6.25,,2.1,4,100.0
6.24,,3.0,4,100.0
6.23,,1.9,4,100.0
6.22,,1.7,4,100.0
6.2,,1.2,4,100.0
6.19,,1.8,4,100.0
6.18,,2.1,4,100.0
6.16,,1.4,4,100.0
6.15,,0.8,4,100.0
6.14,,1.6,4,100.0
6.13,,0.2,4,100.0
6.11,,1.5,4,100.0
6.1,,1.9,4,100.0
6.09,,1.4,4,100.0
6.08,,1.5,4,100.0
6.07,,1.5,4,100.0
6.05,,2.6,4,100.0
6.04,,2.5,4,100.0
6.03,,2.3,4,100.0
6.02,,1.8,4,100.0
6.0,,2.7,4,100.0
5.99,,1.7,4,100.0
5.98,,2.6,4,100.0
5.97,,1.9,4,100.0
5.96,,2.4,4,100.0
5.95,,3.5,4,100.0
5.93,,2.0,4,100.0
5.92,,2.5,4,100.0
5.91,,3.3,4,100.0
5.9,,2.5,4,100.0
5.89,,3.0,4,100.0
5.88,,1.8,4,100.0
5.86,,2.6,4,100.0
5.85,,2.7,4,100.0
5.84,,2.8,4,100.0
5.83,,2.6,4,100.0
5.82,,1.6,4,100.0
5.81,,3.1,4,100.0
5.8,,2.3,4,100.0
5.78,,4.6,4,100.0
5.77,,3.2,4,100.0
5.76,,3.8,4,100.0
5.75,,4.9,4,100.0
5.74,,5.1,4,100.0
5.73,,5.6,4,100.0
5.72,,5.3,4,100.0
5.71,,7.3,4,100.0
7.6,,6.9,4,100.0
7.58,,6.5,4,100.0
7.57,,6.7,4,100.0
9.44,,6.9,4,100.0
9.42,,7.4,4,100.0
9.4,,7.7,4,100.0
9.39,,8.3,4,100.0
9.37,,7.9,4,100.0
9.35,,7.7,4,100.0
9.33,,6.2,4,100.0
9.32,,6.1,4,100.0
9.3,,4.8,4,100.0
9.28,,3.2,4,100.0
9.27,,3.3,4,100.0
9.25,,2.5,4,100.0
9.23,,1.8,4,100.0
9.21,,1.3,4,100.0
9.2,,1.2,4,100.0
9.18,,0.9,4,100.0
9.16,,0.8,4,100.0
9.15,,0.1,4,100.0
9.13,,1.2,4,100.0
9.11,,0.3,4,100.0
9.1,,1.6,4,100.0
9.08,,1.2,4,100.0
9.06,,0.9,4,100.0
9.05,,1.0,4,100.0
9.03,,0.7,4,100.0
9.01,,0.1,4,100.0
9.0,,0.0,4,100.0
8.98,,1.3,4,100.0
8.97,,0.7,4,100.0
8.95,,0.8,4,100.0
8.93,,0.2,4,100.0
8.92,,0.5,4,100.0
8.9,,0.0,4,100.0
8.89,,0.5,4,100.0
8.87,,0.1,4,100.0
8.86,,0.1,4,100.0
8.84,,1.1,4,100.0
8.82,,1.2,4,100.0
8.81,,0.5,4,100.0
8.79,,1.7,4,100.0
8.78,,1.2,4,100.0
8.76,,0.9,4,100.0
8.75,,2.1,4,100.0
8.73,,1.6,4,100.0
8.72,,1.6,4,100.0
8.7,,0.4,4,100.0
8.69,,1.1,4,100.0
8.67,,0.4,4,100.0
8.66,,1.3,4,100.0
8.64,,1.1,4,100.0
8.63,,0.6,4,100.0
8.61,,1.3,4,100.0
10.32,,1.9,4,100.0
10.3,,0.2,4,100.0
10.28,,2.3,4,100.0
10.26,,1.2,4,100.0
10.25,,1.7,4,100.0
10.23,,2.8,4,100.0
10.21,,2.8,4,100.0
10.19,,0.9,4,100.0
10.18,,2.0,4,100.0
10.16,,1.7,4,100.0
10.14,,1.3,4,100.0
10.13,,1.4,4,100.0
10.11,,1.3,4,100.0
10.09,,1.9,4,100.0
10.07,,1.0,4,100.0
10.06,,0.5,4,100.0
10.04,,0.6,4,100.0
10.02,,1.0,4,100.0
10.01,,0.5,4,100.0
9.99,,0.6,4,100.0
9.97,,0.6,4,100.0
9.96,,0.1,4,100.0
9.94,,0.5,4,100.0
9.92,,0.7,4,100.0
9.91,,0.6,4,100.0
9.89,,1.5,4,100.0
9.88,,0.2,4,100.0
9.86,,0.5,4,100.0
9.84,,0.6,4,100.0
9.83,,0.1,4,100.0
9.81,,1.0,4,100.0
9.79,,0.2,4,100.0
9.78,,0.8,4,100.0
9.76,,0.4,4,100.0
9.75,,0.1,4,100.0
9.73,,0.1,4,100.0
9.72,,1.1,4,100.0
9.7,,0.2,4,100.0
9.68,,1.0,4,100.0
9.67,,1.6,4,100.0
9.65,,0.1,4,100.0
9.64,,1.1,4,100.0
9.62,,0.3,4,100.0
9.61,,0.1,4,100.0
9.59,,0.1,4,100.0
9.58,,0.4,4,100.0
9.56,,0.0,4,100.0
9.55,,1.5,4,100.0
9.53,,1.1,4,100.0
9.52,,1.2,4,100.0
9.5,,0.7,4,100.0
9.49,,1.1,4,100.0
9.47,,1.3,4,100.0
9.46,,0.3,4,100.0
9.44,,0.2,4,100.0
9.43,,0.4,4,100.0
9.41,,0.2,4,100.0
9.4,,0.3,4,100.0
9.38,,0.7,4,100.0
9.37,,1.1,4,100.0
9.35,,1.0,4,100.0
9.34,,1.0,4,100.0
9.32,,2.0,4,100.0
9.31,,0.0,4,100.0
9.29,,1.3,4,100.0
9.28,,0.0,4,100.0
9.27,,2.4,4,100.0
9.25,,1.7,4,100.0
9.24,,1.3,4,100.0
9.22,,1.5,4,100.0
9.21,,0.2,4,100.0
9.19,,1.0,4,100.0
9.18,,0.8,4,100.0
9.17,,1.1,4,100.0
9.15,,0.7,4,100.0
9.14,,0.3,4,100.0
9.12,,0.4,4,100.0
9.11,,0.5,4,100.0
9.1,,0.4,4,100.0
9.08,,0.3,4,100.0
9.07,,1.7,4,100.0
9.06,,0.7,4,100.0
9.04,,0.6,4,100.0
9.03,,0.1,4,100.0
9.02,,0.2,4,100.0
9.0,,0.3,4,100.0
8.99,,0.2,4,100.0
8.97,,0.5,4,100.0
10.45,,0.2,4,100.0
10.44,,0.6,4,100.0
10.42,,0.2,4,100.0
10.41,,0.8,4,100.0
10.39,,0.1,4,100.0
10.38,,0.7,4,100.0
10.36,,0.6,4,100.0
10.35,,1.0,4,100.0
10.33,,1.1,4,100.0
10.32,,0.7,4,100.0
10.3,,0.1,4,100.0
10.29,,1.3,4,100.0
10.27,,0.3,4,100.0
10.26,,1.2,4,100.0
10.24,,0.1,4,100.0
10.23,,0.1,4,100.0
10.21,,0.9,4,100.0
10.2,,0.3,4,100.0
10.18,,1.3,4,100.0
10.17,,1.3,4,100.0
10.15,,0.5,4,100.0
10.14,,1.2,4,100.0
10.12,,0.5,4,100.0
10.11,,0.9,4,100.0
10.09,,0.7,4,100.0
10.08,,0.3,4,100.0
10.06,,0.2,4,100.0
10.05,,0.6,4,100.0
10.04,,1.4,4,100.0
10.02,,1.2,4,100.0
10.01,,0.2,4,100.0
9.99,,0.6,4,100.0
9.98,,0.1,4,100.0
9.96,,0.2,4,100.0
9.95,,0.6,4,100.0
9.94,,0.7,4,100.0
9.92,,1.3,4,100.0
9.91,,1.0,4,100.0
9.89,,0.1,4,100.0
9.88,,0.2,4,100.0
9.87,,0.2,4,100.0
9.85,,0.5,4,100.0
9.84,,0.7,4,100.0
9.82,,0.3,4,100.0
9.81,,0.6,4,100.0
9.8,,0.3,4,100.0
9.78,,0.3,4,100.0
9.77,,0.0,4,100.0
9.76,,1.1,4,100.0
9.74,,1.1,4,100.0
9.73,,0.7,4,100.0
9.72,,0.7,4,100.0
9.7,,0.8,4,100.0
9.69,,0.1,4,100.0
9.68,,0.5,4,100.0
9.66,,0.1,4,100.0
9.65,,0.3,4,100.0
9.64,,0.4,4,100.0
9.62,,0.5,4,100.0
9.61,,0.3,4,100.0
9.6,,1.1,4,100.0
9.58,,0.3,4,100.0
9.57,,0.5,4,100.0
9.56,,0.3,4,100.0
9.54,,0.5,4,100.0
9.53,,0.5,4,100.0
10.88,,0.8,4,100.0
10.86,,0.9,4,100.0
10.85,,0.9,4,100.0
10.83,,1.4,4,100.0
10.82,,1.6,4,100.0
10.8,,0.8,4,100.0
10.79,,0.5,4,100.0
10.77,,1.8,4,100.0
10.76,,1.3,4,100.0
10.75,,0.8,4,100.0
10.73,,1.3,4,100.0
10.72,,1.2,4,100.0
10.7,,0.7,4,100.0
10.69,,0.3,4,100.0
10.67,,1.5,4,100.0
10.66,,0.4,4,100.0
10.65,,2.1,4,100.0
10.63,,0.7,4,100.0
10.62,,0.6,4,100.0
10.6,,1.5,4,100.0
10.59,,0.6,4,100.0
10.58,,1.7,4,100.0
10.56,,0.1,4,100.0
10.55,,0.8,4,100.0
10.53,,0.7,4,100.0
10.52,,0.3,4,100.0
10.51,,1.0,4,100.0
10.49,,1.6,4,100.0
10.48,,0.1,4,100.0
10.46,,1.4,4,100.0
10.45,,1.3,4,100.0
10.44,,2.5,4,100.0
10.42,,0.6,4,100.0
10.41,,1.6,4,100.0
10.4,,0.8,4,100.0
10.38,,2.0,4,100.0
10.37,,1.9,4,100.0
10.36,,1.8,4,100.0
10.34,,2.0,4,100.0
10.33,,3.2,4,100.0
10.32,,2.0,4,100.0
10.3,,3.1,4,100.0
10.29,,2.6,4,100.0
10.28,,1.7,4,100.0
10.26,,2.4,4,100.0
10.25,,1.1,4,100.0
10.24,,2.0,4,100.0
10.22,,0.8,4,100.0
10.21,,0.8,4,100.0
10.2,,1.8,4,100.0
10.18,,2.6,4,100.0
10.17,,1.4,4,100.0
10.16,,1.3,4,100.0
10.15,,1.8,4,100.0
10.13,,1.8,4,100.0
10.12,,2.5,4,100.0
10.11,,2.1,4,100.0
10.09,,2.3,4,100.0
10.08,,1.3,4,100.0
10.07,,1.7,4,100.0
10.06,,1.7,4,100.0
10.04,,1.9,4,100.0
10.03,,2.5,4,100.0
10.02,,1.4,4,100.0
10.01,,1.9,4,100.0
9.99,,1.3,4,100.0
9.98,,2.5,4,100.0
9.97,,1.7,4,100.0
9.96,,2.4,4,100.0
9.94,,1.6,4,100.0
9.93,,1.0,4,100.0
9.92,,2.6,4,100.0
9.91,,0.5,4,100.0
0.0,,4.0,1,100.0
0.0,,4.2,1,100.0
0.0,,4.1,1,100.0
0.0,,4.0,1,100.0
0.0,,3.5,1,100.0
0.0,,4.8,1,100.0
0.0,,4.1,1,100.0
0.0,,3.9,1,100.0
0.0,,4.0,1,100.0
0.0,,5.0,1,100.0
0.0,,4.7,1,100.0
0.0,,5.3,1,100.0
0.0,,3.5,1,100.0
0.0,,4.6,1,100.0
0.0,,4.6,1,100.0
0.0,,5.5,1,100.0
0.0,,5.7,1,100.0
0.0,,5.3,1,100.0
0.0,,5.5,1,100.0
0.0,,6.6,1,100.0
0.0,,7.5,1,100.0
0.0,,6.6,1,100.0
0.0,,6.9,1,100.0
31.34,,8.3,1,100.0
30.41,,6.7,1,100.0
29.51,,3.7,1,100.0
27.07,,8.5,1,100.0
52.8,,10.5,1,100.0
51.41,,15.3,1,100.0
50.14,,16.6,1,100.0
48.93,,21.3,1,100.0
47.73,,19.0,1,100.0
46.63,,14.1,1,100.0
42.6,,28.0,1,100.0
41.76,,28.4,1,100.0
40.9,,24.7,1,100.0
40.08,,22.3,1,100.0
58.95,,16.9,1,100.0
57.82,,15.5,1,100.0
56.72,,15.6,1,100.0
55.65,,11.2,1,100.0
54.65,,16.3,1,100.0
71.58,,16.7,1,100.0
70.3,,18.2,1,100.0
69.11,,4.5,1,100.0
67.91,,9.9,1,100.0
83.49,,7.0,1,100.0
82.12,,10.8,1,100.0
80.78,,9.4,1,100.0
79.51,,9.2,1,100.0
78.24,,11.7,1,100.0
77.05,,7.8,1,100.0
75.88,,0.4,1,100.0
74.72,,1.8,1,100.0
88.39,,3.9,1,100.0
87.1,,3.1,1,100.0
85.79,,3.2,1,100.0
98.7,,2.2,1,100.0
97.32,,1.2,1,100.0
109.77,,0.4,1,100.0
108.26,,0.6,1,100.0
106.81,,1.6,1,100.0
105.42,,1.6,1,100.0
117.05,,1.8,1,100.0
115.55,,3.8,1,100.0
114.08,,3.4,1,100.0
112.65,,6.0,1,100.0
111.27,,6.9,1,100.0
109.9,,8.9,1,100.0
120.65,,8.1,1,100.0
119.2,,10.4,1,100.0
117.78,,8.0,1,100.0
128.08,,9.6,1,100.0
126.6,,5.7,1,100.0
125.16,,0.3,1,100.0
123.75,,3.2,1,100.0
133.5,,4.6,1,100.0
132.03,,4.2,1,100.0
127.74,,0.7,1,100.0
126.46,,4.6,1,100.0
125.14,,2.9,1,100.0
123.85,,10.2,1,100.0
120.05,,10.9,1,100.0
126.27,,36.3,1,100.0
125.13,,39.4,1,100.0
122.7,,41.0,1,100.0
121.61,,37.2,1,100.0
120.49,,41.1,1,100.0
119.4,,45.4,1,100.0
124.02,,33.4,1,100.0
123.0,,33.3,1,100.0
121.93,,34.0,1,100.0
129.51,,35.0,1,100.0
128.36,,33.3,1,100.0
127.32,,31.1,1,100.0
126.24,,27.2,1,100.0
125.19,,23.0,1,100.0
124.12,,24.6,1,100.0
123.12,,26.7,1,100.0
122.13,,28.9,1,100.0
121.14,,28.7,1,100.0
120.17,,32.5,1,100.0
119.21,,31.8,1,100.0
118.27,,31.0,1,100.0
115.49,,25.5,1,100.0
114.65,,25.9,1,100.0
112.89,,24.6,1,100.0
112.07,,23.6,1,100.0
111.23,,24.4,1,100.0
110.43,,23.3,1,100.0
106.47,,24.1,1,100.0
105.76,,24.7,1,100.0
105.03,,25.3,1,100.0
103.54,,26.9,1,100.0
102.12,,24.5,1,100.0
101.48,,25.7,1,100.0
100.73,,25.0,1,100.0
100.1,,24.5,1,100.0
99.45,,26.5,1,100.0
98.8,,24.7,1,100.0
98.16,,28.7,1,100.0
97.51,,26.2,1,100.0
96.89,,24.7,1,100.0
102.67,,24.5,1,100.0
102.02,,24.0,1,100.0
101.37,,23.9,1,100.0
100.73,,22.5,1,100.0
100.11,,23.3,1,100.0
99.49,,22.9,1,100.0
98.87,,23.0,1,100.0
98.27,,22.2,1,100.0
97.67,,23.1,1,100.0
97.08,,23.4,1,100.0
96.47,,20.0,1,100.0
95.89,,16.8,1,100.0
95.34,,11.4,1,100.0
100.69,,4.3,1,100.0
100.11,,0.1,1,100.0
99.52,,4.8,1,100.0
98.94,,11.6,1,100.0
98.37,,15.8,1,100.0
97.8,,16.8,1,100.0
97.25,,16.7,1,100.0
96.68,,16.2,1,100.0
96.14,,15.1,1,100.0
95.6,,12.8,1,100.0
95.06,,12.8,1,100.0
94.54,,11.7,1,100.0
94.02,,11.5,1,100.0
93.5,,11.1,1,100.0
92.99,,10.1,1,100.0
92.48,,9.8,1,100.0
91.98,,10.0,1,100.0
91.48,,9.9,1,100.0
91.0,,11.3,1,100.0
90.51,,10.4,1,100.0
90.03,,11.7,1,100.0
89.56,,12.2,1,100.0
89.09,,10.9,1,100.0
88.62,,12.6,1,100.0
88.17,,11.9,1,100.0
87.71,,13.3,1,100.0
87.26,,13.4,1,100.0
86.81,,13.5,1,100.0
86.37,,13.5,1,100.0
85.93,,13.5,1,100.0
85.49,,14.0,1,100.0
85.07,,13.4,1,100.0
84.65,,13.1,1,100.0
84.23,,12.8,1,100.0
83.82,,13.0,1,100.0
83.41,,13.0,1,100.0
83.0,,13.2,1,100.0
82.59,,12.8,1,100.0
82.2,,12.6,1,100.0
81.8,,12.6,1,100.0
81.41,,10.5,1,100.0
81.02,,7.3,1,100.0
80.63,,6.6,1,100.0
80.25,,4.2,1,100.0
79.87,,2.0,1,100.0
79.49,,0.3,1,100.0
79.14,,0.6,1,100.0
78.77,,0.3,1,100.0
78.4,,1.8,1,100.0
78.03,,1.2,1,100.0
77.68,,0.8,1,100.0
77.34,,0.2,1,100.0
76.98,,0.4,1,100.0
76.63,,1.1,1,100.0
76.27,,1.2,1,100.0
75.94,,0.4,1,100.0
75.62,,1.2,1,100.0
79.71,,0.2,1,100.0
79.36,,1.1,1,100.0
79.03,,0.5,1,100.0
78.68,,0.8,1,100.0
78.35,,0.6,1,100.0
78.0,,0.5,1,100.0
77.67,,0.1,1,100.0
77.33,,0.7,1,100.0
77.0,,1.2,1,100.0
76.68,,1.4,1,100.0
76.35,,0.4,1,100.0
76.02,,0.8,1,100.0
75.71,,0.6,1,100.0
75.39,,1.6,1,100.0
75.08,,0.5,1,100.0
74.76,,1.8,1,100.0
74.46,,0.6,1,100.0
74.15,,0.9,1,100.0
73.84,,0.2,1,100.0
73.54,,1.2,1,100.0
73.25,,0.3,1,100.0
72.95,,0.7,1,100.0
72.65,,0.4,1,100.0
72.36,,0.6,1,100.0
72.06,,1.0,1,100.0
71.78,,1.0,1,100.0
71.5,,0.4,1,100.0
71.21,,0.3,1,100.0
70.93,,0.9,1,100.0
70.65,,0.0,1,100.0
70.38,,0.2,1,100.0
70.11,,0.9,1,100.0
69.83,,0.2,1,100.0
69.56,,0.7,1,100.0
69.3,,0.4,1,100.0
69.03,,0.5,1,100.0
68.77,,0.9,1,100.0
68.51,,1.6,1,100.0
68.25,,0.8,1,100.0
67.99,,0.3,1,100.0
67.73,,0.8,1,100.0
67.47,,0.7,1,100.0
67.23,,0.4,1,100.0
66.98,,0.7,1,100.0
66.73,,0.1,1,100.0
66.48,,0.3,1,100.0
66.24,,0.9,1,100.0
65.99,,0.3,1,100.0
65.75,,1.3,1,100.0
65.51,,0.4,1,100.0
65.28,,1.2,1,100.0
65.04,,1.4,1,100.0
68.41,,1.6,1,100.0
68.16,,1.6,1,100.0
67.91,,1.7,1,100.0
67.67,,0.9,1,100.0
67.43,,2.2,1,100.0
67.2,,0.7,1,100.0
66.96,,0.8,1,100.0
66.72,,1.8,1,100.0
66.49,,0.7,1,100.0
66.26,,1.9,1,100.0
66.02,,1.1,1,100.0
69.26,,0.0,1,100.0
69.02,,0.2,1,100.0
68.78,,0.0,1,100.0
68.55,,1.4,1,100.0
68.32,,0.5,1,100.0
68.08,,1.6,1,100.0
67.85,,0.8,1,100.0
67.62,,0.6,1,100.0
67.4,,0.5,1,100.0
67.17,,1.2,1,100.0
66.94,,1.0,1,100.0
66.72,,0.7,1,100.0
66.5,,0.9,1,100.0
66.28,,1.2,1,100.0
66.06,,0.2,1,100.0
65.84,,0.5,1,100.0
65.63,,0.0,1,100.0
65.41,,0.7,1,100.0
65.2,,0.9,1,100.0
64.98,,1.9,1,100.0
64.77,,6.0,1,100.0
64.56,,7.1,1,100.0
64.35,,6.8,1,100.0
64.15,,8.5,1,100.0
63.94,,7.8,1,100.0
63.74,,7.6,1,100.0
63.54,,8.2,1,100.0
63.34,,7.9,1,100.0
63.14,,7.9,1,100.0
62.94,,7.8,1,100.0
62.74,,7.5,1,100.0
62.54,,7.8,1,100.0
62.35,,7.8,1,100.0
62.16,,7.7,1,100.0
61.97,,8.5,1,100.0
61.77,,8.7,1,100.0
61.58,,7.6,1,100.0
61.4,,7.3,1,100.0
61.21,,7.8,1,100.0
61.02,,8.0,1,100.0
60.84,,8.4,1,100.0
60.65,,8.0,1,100.0
60.46,,8.4,1,100.0
60.29,,7.9,1,100.0
60.1,,8.1,1,100.0
59.92,,7.5,1,100.0
59.75,,7.1,1,100.0
59.57,,6.1,1,100.0
59.39,,3.9,1,100.0
59.22,,3.3,1,100.0
59.04,,2.1,1,100.0
58.87,,0.0,1,100.0
58.69,,1.7,1,100.0
58.52,,3.1,1,100.0
58.35,,4.8,1,100.0
58.19,,5.9,1,100.0
58.02,,6.0,1,100.0
57.85,,7.6,1,100.0
57.69,,8.4,1,100.0
57.52,,7.5,1,100.0
57.36,,9.2,1,100.0
57.19,,9.0,1,100.0
57.03,,9.6,1,100.0
56.87,,7.4,1,100.0
56.71,,8.5,1,100.0
56.55,,9.8,1,100.0
56.39,,10.8,1,100.0
56.23,,8.1,1,100.0
56.07,,9.6,1,100.0
55.91,,9.7,1,100.0
55.76,,7.9,1,100.0
55.6,,6.5,1,100.0
55.45,,8.2,1,100.0
55.29,,7.8,1,100.0
55.14,,7.3,1,100.0
54.99,,6.3,1,100.0
54.84,,7.4,1,100.0
54.69,,7.0,1,100.0
54.54,,8.3,1,100.0
54.39,,8.4,1,100.0
54.24,,9.2,1,100.0
54.1,,7.3,1,100.0
53.95,,7.7,1,100.0
53.81,,6.2,1,100.0
53.66,,6.8,1,100.0
53.52,,6.7,1,100.0
53.38,,6.2,1,100.0
53.24,,6.8,1,100.0
53.09,,7.5,1,100.0
52.95,,7.0,1,100.0
52.81,,8.1,1,100.0
52.67,,8.3,1,100.0
52.53,,7.3,1,100.0
52.4,,7.3,1,100.0
52.26,,8.1,1,100.0
52.12,,9.6,1,100.0
51.99,,9.9,1,100.0
51.85,,12.9,1,100.0
51.72,,12.7,1,100.0
51.59,,16.5,1,100.0
51.46,,19.7,1,100.0
53.89,,22.7,1,100.0
53.75,,23.5,1,100.0
53.61,,23.1,1,100.0
53.48,,23.1,1,100.0
53.34,,20.5,1,100.0
53.21,,17.6,1,100.0
53.07,,14.1,1,100.0
52.94,,11.7,1,100.0
55.32,,13.0,1,100.0
55.18,,14.2,1,100.0
57.54,,14.3,1,100.0
57.4,,13.1,1,100.0
57.26,,12.4,1,100.0
57.12,,10.6,1,100.0
59.45,,10.5,1,100.0
59.3,,9.3,1,100.0
59.16,,10.7,1,100.0
56.5,,13.1,1,100.0
56.38,,11.0,1,100.0
58.59,,2.0,1,100.0
58.45,,4.7,1,100.0
58.32,,3.8,1,100.0
60.51,,4.0,1,100.0
60.37,,3.4,1,100.0
60.23,,3.8,1,100.0
60.09,,5.1,1,100.0
59.95,,6.3,1,100.0
59.81,,5.7,1,100.0
59.68,,5.4,1,100.0
59.54,,3.5,1,100.0
61.69,,3.6,1,100.0
61.55,,0.6,1,100.0
61.4,,1.5,1,100.0
61.27,,0.2,1,100.0
61.13,,1.2,1,100.0
60.99,,0.0,1,100.0
60.85,,0.5,1,100.0
60.72,,0.6,1,100.0
60.58,,0.5,1,100.0
60.44,,1.1,1,100.0
60.31,,2.0,1,100.0
60.18,,2.8,1,100.0
60.04,,3.6,1,100.0
59.91,,4.3,1,100.0
59.78,,5.2,1,100.0
61.85,,2.9,1,100.0
61.72,,2.3,1,100.0
61.57,,0.2,1,100.0
61.45,,0.6,1,100.0
61.31,,0.4,1,100.0
61.18,,1.2,1,100.0
61.05,,1.6,1,100.0
60.92,,0.8,1,100.0
60.79,,1.3,1,100.0
60.66,,0.4,1,100.0
60.53,,2.1,1,100.0
60.39,,0.8,1,100.0
60.26,,1.2,1,100.0
60.13,,0.7,1,100.0
60.0,,0.2,1,100.0
0.0,,0.6,4,100.0
0.0,,0.1,4,100.0
0.0,,0.2,4,100.0
0.0,,1.4,4,100.0
0.0,,1.0,4,100.0
0.0,,1.0,4,100.0
0.0,,0.4,4,100.0
0.0,,0.4,4,100.0
0.0,,0.8,4,100.0
0.0,,0.8,4,100.0
0.0,,1.1,4,100.0
0.0,,0.7,4,100.0
0.0,,1.4,4,100.0
0.0,,2.3,4,100.0
0.0,,2.4,4,100.0
0.0,,2.1,4,100.0
0.0,,1.2,4,100.0
0.0,,0.6,4,100.0
0.0,,1.5,4,100.0
0.0,,1.0,4,100.0
0.0,,0.7,4,100.0
0.0,,1.8,4,100.0
0.0,,1.7,4,100.0
0.0,,2.9,4,100.0
0.0,,3.5,4,100.0
0.0,,3.4,4,100.0
0.0,,2.6,4,100.0
0.0,,3.9,4,100.0
0.0,,2.3,4,100.0
0.0,,3.4,4,100.0
0.0,,3.9,4,100.0
0.0,,3.1,4,100.0
0.0,,5.9,4,100.0
0.0,,4.4,4,100.0
0.0,,4.7,4,100.0
0.0,,7.2,4,100.0
0.0,,6.4,4,100.0
0.0,,7.2,4,100.0
0.0,,6.5,4,100.0
0.0,,9.4,4,100.0
0.0,,10.6,4,100.0
0.0,,12.3,4,100.0
0.0,,12.2,4,100.0
0.0,,13.9,4,100.0
0.0,,14.2,4,100.0
0.0,,20.8,4,100.0
0.0,,21.8,4,100.0
0.0,,19.1,4,100.0
0.0,,21.9,4,100.0
0.0,,21.9,4,100.0
0.0,,20.6,4,100.0
0.0,,20.8,4,100.0
0.0,,20.5,4,100.0
0.0,,18.2,4,100.0
0.0,,19.4,4,100.0
0.0,,14.2,4,100.0
0.0,,16.4,4,100.0
0.0,,13.1,4,100.0
0.0,,12.6,4,100.0
0.0,,16.1,4,100.0
0.0,,14.4,4,100.0
0.0,,13.2,4,100.0
0.0,,13.8,4,100.0
0.0,,13.6,4,100.0
0.0,,16.0,4,100.0
0.0,,14.4,4,100.0
0.0,,16.2,4,100.0
0.0,,12.6,4,100.0
0.0,,11.8,4,100.0
0.0,,12.9,4,100.0
0.0,,13.7,4,100.0
0.0,,11.9,4,100.0
0.0,,12.6,4,100.0
0.0,,14.2,4,100.0
0.0,,12.1,4,100.0
0.0,,12.3,4,100.0
0.0,,12.5,4,100.0
0.0,,13.3,4,100.0
0.0,,14.8,4,100.0
0.0,,15.5,4,100.0
0.0,,13.7,4,100.0
0.0,,12.7,4,100.0
0.0,,15.5,4,100.0
0.0,,12.0,4,100.0
0.0,,11.0,4,100.0
0.0,,10.7,4,100.0
0.0,,10.9,4,100.0
0.0,,10.4,4,100.0
0.0,,10.1,4,100.0
0.0,,8.8,4,100.0
0.0,,9.2,4,100.0
0.0,,9.3,4,100.0
0.0,,9.0,4,100.0
0.0,,7.8,4,100.0
0.0,,9.9,4,100.0
0.0,,8.6,4,100.0
0.0,,8.5,4,100.0
0.0,,8.2,4,100.0
0.0,,8.4,4,100.0
0.0,,7.9,4,100.0
0.0,,7.5,4,100.0
0.0,,6.6,4,100.0
9.02,,7.6,4,100.0
8.94,,7.2,4,100.0
8.86,,7.1,4,100.0
8.78,,7.0,4,100.0
8.7,,4.7,4,100.0
8.63,,4.3,4,100.0
8.56,,2.1,4,100.0
8.49,,0.7,4,100.0
8.41,,1.5,4,100.0
8.34,,1.6,4,100.0
8.28,,3.0,4,100.0
8.21,,1.9,4,100.0
8.14,,1.0,4,100.0
8.07,,0.1,4,100.0
8.01,,1.1,4,100.0
7.95,,1.8,4,100.0
7.88,,1.9,4,100.0
7.82,,3.0,4,100.0
7.76,,1.9,4,100.0
7.7,,2.4,4,100.0
7.64,,2.1,4,100.0
7.58,,1.7,4,100.0
7.53,,1.4,4,100.0
7.47,,2.8,4,100.0
7.42,,2.9,4,100.0
7.36,,2.3,4,100.0
7.31,,3.5,4,100.0
7.26,,3.2,4,100.0
7.2,,3.8,4,100.0
7.15,,3.8,4,100.0
7.1,,4.7,4,100.0
7.05,,5.6,4,100.0
7.0,,5.0,4,100.0
6.95,,4.8,4,100.0
6.9,,4.8,4,100.0
6.86,,3.4,4,100.0
6.81,,2.0,4,100.0
6.76,,2.2,4,100.0
6.72,,1.8,4,100.0
6.67,,1.8,4,100.0
6.63,,1.4,4,100.0
6.59,,1.7,4,100.0
6.54,,2.9,4,100.0
6.5,,3.4,4,100.0
6.46,,5.1,4,100.0
6.42,,5.6,4,100.0
6.38,,6.2,4,100.0
6.34,,5.8,4,100.0
6.3,,6.7,4,100.0
6.25,,4.9,4,100.0
6.22,,6.2,4,100.0
6.18,,5.5,4,100.0
6.14,,6.5,4,100.0
6.1,,6.0,4,100.0
6.07,,6.1,4,100.0
6.03,,7.4,4,100.0
5.99,,8.0,4,100.0
5.96,,7.9,4,100.0
5.92,,8.3,4,100.0
5.89,,7.1,4,100.0
5.85,,7.6,4,100.0
5.82,,7.6,4,100.0
5.79,,6.8,4,100.0
5.75,,6.2,4,100.0
5.72,,5.4,4,100.0
5.69,,3.8,4,100.0
5.65,,4.2,4,100.0
5.62,,2.1,4,100.0
5.59,,0.2,4,100.0
5.56,,0.5,4,100.0
5.53,,1.6,4,100.0
5.5,,2.3,4,100.0
5.47,,2.9,4,100.0
5.44,,1.9,4,100.0
5.41,,2.9,4,100.0
5.38,,1.9,4,100.0
5.35,,1.4,4,100.0
5.32,,0.3,4,100.0
5.3,,1.1,4,100.0
5.27,,2.5,4,100.0
5.24,,3.0,4,100.0
5.21,,4.5,4,100.0
5.19,,5.2,4,100.0
5.16,,7.4,4,100.0
5.13,,7.4,4,100.0
5.11,,7.1,4,100.0
5.08,,7.5,4,100.0
5.05,,7.7,4,100.0
5.03,,8.7,4,100.0
5.0,,8.9,4,100.0
4.98,,9.1,4,100.0
4.95,,9.3,4,100.0
4.93,,9.6,4,100.0
4.91,,9.4,4,100.0
4.88,,8.0,4,100.0
4.86,,7.8,4,100.0
4.83,,7.2,4,100.0
4.81,,7.7,4,100.0
4.79,,7.0,4,100.0
4.77,,6.7,4,100.0
4.74,,6.4,4,100.0
4.72,,6.8,4,100.0
4.7,,5.2,4,100.0
4.68,,5.4,4,100.0
4.65,,5.0,4,100.0
4.63,,5.0,4,100.0
4.61,,6.1,4,100.0
4.59,,5.7,4,100.0
4.57,,6.2,4,100.0
4.55,,5.6,4,100.0
4.53,,6.4,4,100.0
4.51,,6.0,4,100.0
4.49,,6.6,4,100.0
4.47,,6.4,4,100.0
4.45,,6.4,4,100.0
4.43,,7.1,4,100.0
4.41,,5.6,4,100.0
4.39,,7.0,4,100.0
4.37,,7.2,4,100.0
4.35,,6.1,4,100.0
4.33,,6.4,4,100.0
4.31,,6.3,4,100.0
4.3,,6.4,4,100.0
4.28,,6.6,4,100.0
4.26,,6.5,4,100.0
4.24,,6.7,4,100.0
4.22,,6.5,4,100.0
4.21,,6.1,4,100.0
4.19,,6.5,4,100.0
4.17,,5.7,4,100.0
0.0,,7.5,0,100.0
0.0,,8.5,0,100.0
0.0,,9.3,0,100.0
0.0,,9.7,0,100.0
0.0,,9.7,0,100.0
0.0,,9.0,0,100.0
0.0,,11.1,0,100.0
0.0,,10.4,0,100.0
0.0,,10.3,0,100.0
0.0,,10.3,0,100.0
0.0,,10.7,0,100.0
0.0,,11.0,0,100.0
0.0,,12.8,0,100.0
0.0,,11.8,0,100.0
0.0,,12.0,0,100.0
0.0,,12.7,0,100.0
0.0,,12.0,0,100.0
0.0,,11.5,0,100.0
0.0,,11.3,0,100.0
0.0,,12.3,0,100.0
0.0,,11.6,0,100.0
0.0,,11.2,0,100.0
0.0,,12.1,0,100.0
0.0,,10.5,0,100.0
0.0,,11.1,0,100.0
0.0,,10.7,0,100.0
0.0,,10.9,0,100.0
0.0,,10.0,0,100.0
0.0,,10.1,0,100.0
0.0,,10.7,0,100.0
0.0,,9.9,0,100.0
0.0,,10.6,0,100.0
0.0,,10.1,0,100.0
0.0,,10.7,0,100.0
0.0,,10.4,0,100.0
0.0,,11.5,0,100.0
0.0,,12.0,0,100.0
0.0,,11.2,0,100.0
0.0,,11.1,0,100.0
0.0,,10.9,0,100.0
0.0,,11.5,0,100.0
0.0,,11.5,0,100.0
0.0,,11.4,0,100.0
0.0,,12.1,0,100.0
0.0,,14.1,0,100.0
0.0,,15.2,0,100.0
0.0,,15.3,0,100.0
0.0,,15.3,0,100.0
0.0,,15.7,0,100.0
0.0,,15.5,0,100.0
0.0,,14.0,0,100.0
0.0,,12.5,0,100.0
0.0,,11.2,0,100.0
0.0,,8.7,0,100.0
0.0,,4.7,0,100.0
15.65,,4.5,0,100.0
15.42,,1.3,0,100.0
30.35,,0.8,0,100.0
29.91,,3.1,0,100.0
29.47,,5.4,0,100.0
43.56,,8.2,0,100.0
42.92,,8.5,0,100.0
42.33,,11.1,0,100.0
55.65,,11.2,0,100.0
54.89,,12.2,0,100.0
54.11,,14.4,0,100.0
53.42,,14.0,0,100.0
52.69,,14.4,0,100.0
52.02,,12.9,0,100.0
64.17,,10.9,0,100.0
63.36,,12.3,0,100.0
75.06,,11.3,0,100.0
74.18,,12.4,0,100.0
73.24,,10.8,0,100.0
72.4,,12.2,0,100.0
71.52,,15.2,0,100.0
70.69,,13.0,0,100.0
81.51,,10.6,0,100.0
80.58,,9.1,0,100.0
79.66,,8.9,0,100.0
78.76,,7.2,0,100.0
77.89,,5.3,0,100.0
77.01,,5.6,0,100.0
76.19,,6.2,0,100.0
86.14,,4.9,0,100.0
85.22,,3.8,0,100.0
84.32,,2.6,0,100.0
83.45,,1.5,0,100.0
82.59,,2.2,0,100.0
91.96,,2.4,0,100.0
91.03,,2.7,0,100.0
100.13,,3.8,0,100.0
99.13,,4.5,0,100.0
107.98,,6.3,0,100.0
106.93,,6.1,0,100.0
105.89,,5.0,0,100.0
104.89,,4.7,0,100.0
103.89,,3.2,0,100.0
102.93,,3.6,0,100.0
101.98,,1.8,0,100.0
101.03,,2.4,0,100.0
109.15,,3.0,0,100.0
108.23,,2.0,0,100.0
107.22,,2.6,0,100.0
106.32,,3.5,0,100.0
105.44,,3.2,0,100.0
104.53,,3.5,0,100.0
103.62,,3.6,0,100.0
102.73,,4.6,0,100.0
101.85,,4.2,0,100.0
109.42,,2.9,0,100.0
108.5,,3.4,0,100.0
107.6,,3.0,0,100.0
106.72,,3.4,0,100.0
105.84,,5.4,0,100.0
105.01,,4.7,0,100.0
104.16,,6.1,0,100.0
103.33,,7.2,0,100.0
102.52,,8.7,0,100.0
101.72,,9.8,0,100.0
100.93,,12.7,0,100.0
100.14,,15.5,0,100.0
99.34,,15.9,0,100.0
98.62,,15.9,0,100.0
97.89,,17.1,0,100.0
97.16,,16.1,0,100.0
96.43,,14.8,0,100.0
95.72,,14.7,0,100.0
95.03,,12.3,0,100.0
94.33,,13.5,0,100.0
93.66,,12.9,0,100.0
100.14,,12.4,0,100.0
99.42,,13.5,0,100.0
98.73,,14.9,0,100.0
98.04,,14.4,0,100.0
97.36,,14.5,0,100.0
96.68,,16.2,0,100.0
96.01,,15.5,0,100.0
95.37,,13.9,0,100.0
94.72,,13.1,0,100.0
94.08,,11.3,0,100.0
93.45,,13.7,0,100.0
92.83,,10.5,0,100.0
92.22,,11.4,0,100.0
91.61,,10.0,0,100.0
91.03,,9.6,0,100.0
90.43,,11.3,0,100.0
89.85,,12.4,0,100.0
89.29,,10.6,0,100.0
88.7,,10.8,0,100.0
88.16,,11.9,0,100.0
87.61,,11.5,0,100.0
87.06,,10.8,0,100.0
86.53,,10.5,0,100.0
85.99,,10.2,0,100.0
85.47,,11.7,0,100.0
84.95,,10.7,0,100.0
84.43,,12.5,0,100.0
83.9,,11.4,0,100.0
83.43,,11.4,0,100.0
82.94,,11.8,0,100.0
82.44,,11.9,0,100.0
81.96,,12.1,0,100.0
81.49,,12.0,0,100.0
81.01,,12.3,0,100.0
80.52,,11.2,0,100.0
80.09,,10.7,0,100.0
79.63,,10.6,0,100.0
79.18,,11.3,0,100.0
78.74,,12.3,0,100.0
78.3,,11.7,0,100.0
77.86,,10.1,0,100.0
77.43,,10.7,0,100.0
77.0,,11.4,0,100.0
76.58,,12.6,0,100.0
76.17,,10.8,0,100.0
75.75,,10.9,0,100.0
75.35,,10.2,0,100.0
74.95,,11.0,0,100.0
74.55,,10.6,0,100.0
74.15,,10.4,0,100.0
73.76,,10.1,0,100.0
73.37,,10.3,0,100.0
73.0,,12.5,0,100.0
72.6,,11.2,0,100.0
72.24,,11.7,0,100.0
71.86,,11.4,0,100.0
71.5,,11.8,0,100.0
71.14,,11.3,0,100.0
70.78,,11.2,0,100.0
70.42,,11.1,0,100.0
70.07,,12.3,0,100.0
69.72,,12.3,0,100.0
69.38,,11.0,0,100.0
69.02,,13.6,0,100.0
68.69,,12.0,0,100.0
68.36,,12.5,0,100.0
68.03,,11.0,0,100.0
67.7,,10.1,0,100.0
67.37,,12.3,0,100.0
67.05,,12.6,0,100.0
66.73,,11.5,0,100.0
66.41,,11.9,0,100.0
66.09,,11.3,0,100.0
65.79,,12.3,0,100.0
65.48,,12.3,0,100.0
65.18,,12.5,0,100.0
64.87,,13.5,0,100.0
64.57,,13.6,0,100.0
64.28,,12.2,0,100.0
63.98,,11.9,0,100.0
63.69,,12.5,0,100.0
63.4,,13.7,0,100.0
67.63,,12.7,0,100.0
67.32,,13.3,0,100.0
67.02,,12.5,0,100.0
66.73,,13.1,0,100.0
66.43,,12.3,0,100.0
66.13,,12.3,0,100.0
65.84,,12.4,0,100.0
65.58,,12.2,0,100.0
65.28,,10.4,0,100.0
65.01,,12.6,0,100.0
64.72,,13.0,0,100.0
64.45,,11.6,0,100.0
64.18,,11.3,0,100.0
63.9,,12.8,0,100.0
63.63,,11.5,0,100.0
63.36,,11.8,0,100.0
63.09,,11.7,0,100.0
62.83,,12.4,0,100.0
62.57,,10.9,0,100.0
62.31,,11.9,0,100.0
62.05,,11.0,0,100.0
61.79,,12.8,0,100.0
61.54,,11.9,0,100.0
61.29,,12.5,0,100.0
61.04,,13.0,0,100.0
60.79,,12.2,0,100.0
60.55,,11.2,0,100.0
60.3,,11.4,0,100.0
60.05,,11.9,0,100.0
59.82,,11.9,0,100.0
59.58,,12.3,0,100.0
59.35,,11.5,0,100.0
59.12,,11.7,0,100.0
58.88,,12.2,0,100.0
58.65,,12.1,0,100.0
58.43,,11.8,0,100.0
58.2,,11.1,0,100.0
57.98,,11.4,0,100.0
57.75,,12.7,0,100.0
57.53,,13.5,0,100.0
57.3,,10.9,0,100.0
57.09,,11.8,0,100.0
56.88,,11.8,0,100.0
56.66,,10.9,0,100.0
56.45,,12.7,0,100.0
56.23,,10.0,0,100.0
56.02,,12.3,0,100.0
55.82,,12.4,0,100.0
55.61,,12.5,0,100.0
55.4,,11.0,0,100.0
55.2,,13.0,0,100.0
54.99,,12.7,0,100.0
54.8,,11.3,0,100.0
54.59,,12.2,0,100.0
54.4,,13.4,0,100.0
54.2,,12.3,0,100.0
54.01,,10.5,0,100.0
53.8,,11.8,0,100.0
53.62,,11.4,0,100.0
53.43,,11.6,0,100.0
53.24,,12.6,0,100.0
53.05,,12.3,0,100.0
52.87,,12.1,0,100.0
52.68,,11.0,0,100.0
52.5,,12.2,0,100.0
52.31,,12.2,0,100.0
52.12,,11.6,0,100.0
51.95,,13.5,0,100.0
51.77,,12.5,0,100.0
51.59,,11.8,0,100.0
51.42,,13.8,0,100.0
51.24,,10.1,0,100.0
51.07,,10.7,0,100.0
50.89,,10.4,0,100.0
50.72,,10.0,0,100.0
50.55,,11.0,0,100.0
50.38,,10.7,0,100.0
50.21,,11.4,0,100.0
50.04,,11.5,0,100.0
49.87,,13.7,0,100.0
49.71,,11.0,0,100.0
49.55,,11.0,0,100.0
49.39,,11.4,0,100.0
49.22,,11.7,0,100.0
49.06,,13.7,0,100.0
48.9,,12.2,0,100.0
48.74,,12.2,0,100.0
48.59,,12.8,0,100.0
48.42,,15.2,0,100.0
51.49,,12.9,0,100.0
51.32,,15.6,0,100.0
51.16,,14.0,0,100.0
51.0,,13.4,0,100.0
50.84,,13.0,0,100.0
50.68,,11.4,0,100.0
50.52,,13.0,0,100.0
50.36,,12.0,0,100.0
53.29,,12.9,0,100.0
53.13,,13.2,0,100.0
53.0,,15.6,0,100.0
52.84,,11.5,0,100.0
52.67,,12.3,0,100.0
55.6,,13.2,0,100.0
55.43,,12.4,0,100.0
58.33,,11.9,0,100.0
58.14,,13.6,0,100.0
57.97,,14.8,0,100.0
57.8,,12.9,0,100.0
57.62,,11.7,0,100.0
57.45,,15.2,0,100.0
60.29,,12.5,0,100.0
60.11,,13.4,0,100.0
59.93,,13.3,0,100.0
59.75,,12.9,0,100.0
59.56,,12.1,0,100.0
59.39,,13.5,0,100.0
59.22,,12.0,0,100.0
59.04,,11.9,0,100.0
61.81,,11.9,0,100.0
61.63,,11.8,0,100.0
61.45,,11.1,0,100.0
64.19,,11.6,0,100.0
64.02,,10.6,0,100.0
66.72,,12.8,0,100.0
66.54,,12.6,0,100.0
66.34,,10.4,0,100.0
69.03,,12.4,0,100.0
68.83,,10.4,0,100.0
71.49,,11.2,0,100.0
71.29,,12.3,0,100.0
71.09,,13.8,0,100.0
70.89,,14.0,0,100.0
70.69,,15.5,0,100.0
70.49,,14.5,0,100.0
70.29,,14.8,0,100.0
70.09,,12.2,0,100.0
69.9,,13.7,0,100.0
69.7,,13.0,0,100.0
69.51,,12.9,0,100.0
72.09,,11.2,0,100.0
71.88,,11.6,0,100.0
71.68,,12.6,0,100.0
74.23,,10.3,0,100.0
74.04,,9.5,0,100.0
73.84,,11.6,0,100.0
73.64,,10.3,0,100.0
73.43,,11.8,0,100.0
73.24,,12.4,0,100.0
75.74,,12.8,0,100.0
75.54,,13.2,0,100.0
75.34,,12.8,0,100.0
75.13,,13.5,0,100.0
77.61,,13.0,0,100.0
77.4,,14.0,0,100.0
77.2,,12.8,0,100.0
76.99,,13.4,0,100.0
79.43,,12.0,0,100.0
79.22,,13.9,0,100.0
79.01,,13.9,0,100.0
78.81,,13.3,0,100.0
78.6,,11.8,0,100.0
78.4,,11.6,0,100.0
80.8,,13.0,0,100.0
80.59,,11.2,0,100.0
80.38,,13.0,0,100.0
80.17,,12.0,0,100.0
79.96,,13.7,0,100.0
79.76,,12.1,0,100.0
82.11,,13.1,0,100.0
81.91,,13.4,0,100.0
84.25,,14.9,0,100.0
84.04,,14.3,0,100.0
86.37,,15.4,0,100.0
86.14,,14.0,0,100.0
85.93,,15.1,0,100.0
85.71,,14.7,0,100.0
88.01,,15.7,0,100.0
87.79,,13.0,0,100.0
87.57,,13.5,0,100.0
87.35,,13.2,0,100.0
87.14,,13.8,0,100.0
86.92,,14.1,0,100.0
86.71,,11.4,0,100.0
88.96,,13.9,0,100.0
88.74,,12.6,0,100.0
88.52,,12.2,0,100.0
88.31,,12.5,0,100.0
88.09,,10.8,0,100.0
87.87,,14.0,0,100.0
90.1,,14.3,0,100.0
89.87,,13.6,0,100.0
89.66,,13.6,0,100.0
89.44,,14.5,0,100.0
89.22,,16.4,0,100.0
91.42,,17.8,0,100.0
91.2,,17.1,0,100.0
90.98,,17.2,0,100.0
93.15,,16.9,0,100.0
92.92,,18.5,0,100.0
92.71,,15.4,0,100.0
94.86,,14.9,0,100.0
94.64,,16.0,0,100.0
96.77,,13.2,0,100.0
96.55,,12.5,0,100.0
98.67,,12.8,0,100.0
98.43,,11.9,0,100.0
98.21,,12.8,0,100.0
97.98,,13.1,0,100.0
97.75,,13.1,0,100.0
97.52,,12.0,0,100.0
99.61,,13.2,0,100.0
99.38,,14.6,0,100.0
101.46,,15.2,0,100.0
101.23,,14.4,0,100.0
103.29,,12.6,0,100.0
103.05,,13.1,0,100.0
102.82,,11.8,0,100.0
102.58,,14.4,0,100.0
102.35,,15.0,0,100.0
102.12,,14.3,0,100.0
101.89,,13.3,0,100.0
103.91,,14.5,0,100.0
103.68,,12.8,0,100.0
105.69,,12.9,0,100.0
105.46,,13.4,0,100.0
105.22,,13.4,0,100.0
104.99,,12.7,0,100.0
104.75,,12.5,0,100.0
104.52,,12.5,0,100.0
104.29,,13.2,0,100.0
106.27,,15.5,0,100.0
106.04,,13.1,0,100.0
105.8,,15.0,0,100.0
107.77,,12.6,0,100.0
107.53,,11.7,0,100.0
107.3,,11.3,0,100.0
107.06,,11.6,0,100.0
106.84,,13.4,0,100.0
106.61,,12.7,0,100.0
108.55,,13.5,0,100.0
108.32,,12.5,0,100.0
108.08,,11.8,0,100.0
107.85,,13.0,0,100.0
107.62,,12.9,0,100.0
107.39,,13.0,0,100.0
107.16,,12.9,0,100.0
106.93,,14.4,0,100.0
106.7,,15.7,0,100.0
106.47,,15.2,0,100.0
108.37,,15.8,0,100.0
108.13,,14.6,0,100.0
107.91,,15.6,0,100.0
107.69,,11.6,0,100.0
107.46,,15.4,0,100.0
109.34,,8.2,0,100.0
109.11,,10.8,0,100.0
108.88,,10.3,0,100.0
110.74,,9.6,0,100.0
110.51,,5.7,0,100.0
110.28,,5.8,0,100.0
110.05,,5.7,0,100.0
111.89,,2.9,0,100.0
111.66,,2.9,0,100.0
111.43,,0.5,0,100.0
111.2,,2.6,0,100.0
110.97,,6.1,0,100.0
110.75,,6.3,0,100.0
110.51,,11.1,0,100.0
110.29,,10.5,0,100.0
110.07,,19.0,0,100.0
109.84,,22.5,0,100.0
107.43,,75.2,0,100.0
107.23,,77.7,0,100.0
107.01,,79.4,0,100.0
106.8,,78.0,0,100.0
106.59,,72.4,0,100.0
106.16,,60.8,0,100.0
105.75,,61.8,0,100.0
107.5,,58.7,0,100.0
106.66,,57.9,0,100.0
92.6,,33.3,0,100.0
83.25,,54.1,0,100.0
82.25,,70.9,0,100.0
80.96,,59.5,0,100.0
80.65,,60.1,0,100.0
80.34,,59.2,0,100.0
80.03,,61.2,0,100.0
79.72,,62.3,0,100.0
79.41,,62.3,0,100.0
79.11,,60.7,0,100.0
78.8,,56.7,0,100.0
78.5,,53.6,0,100.0
79.82,,52.1,0,100.0
79.7,,50.4,0,100.0
79.59,,51.2,0,100.0
79.48,,50.9,0,100.0
79.36,,49.7,0,100.0
79.25,,48.9,0,100.0
79.14,,47.3,0,100.0
79.02,,44.9,0,100.0
78.92,,42.9,0,100.0
80.21,,41.4,0,100.0
80.1,,42.6,0,100.0
79.99,,42.2,0,100.0
81.28,,39.8,0,100.0
81.16,,39.7,0,100.0
81.05,,38.9,0,100.0
80.93,,39.0,0,100.0
80.83,,38.6,0,100.0
80.71,,37.4,0,100.0
80.6,,35.6,0,100.0
81.88,,33.9,0,100.0
81.76,,30.8,0,100.0
81.65,,30.0,0,100.0
81.54,,27.2,0,100.0
81.42,,25.9,0,100.0
81.31,,25.8,0,100.0
81.2,,26.5,0,100.0
81.09,,25.2,0,100.0
82.35,,25.0,0,100.0
82.24,,24.9,0,100.0
82.12,,26.2,0,100.0
82.01,,27.0,0,100.0
81.9,,26.5,0,100.0
0.0,,7.9,2,100.0
0.0,,7.1,2,100.0
91.87,,7.8,2,100.0
84.22,,8.8,2,100.0
77.47,,10.2,2,100.0
72.01,,10.2,2,100.0
67.16,,10.1,2,100.0
63.02,,9.9,2,100.0
59.28,,10.2,2,100.0
111.79,,11.9,2,100.0
106.02,,9.5,2,100.0
100.67,,11.3,2,100.0
95.7,,11.2,2,100.0
91.45,,10.2,2,100.0
87.44,,10.8,2,100.0
83.61,,10.0,2,100.0
80.44,,11.4,2,100.0
77.27,,11.3,2,100.0
74.43,,11.4,2,100.0
71.74,,10.4,2,100.0
69.26,,10.7,2,100.0
66.96,,11.4,2,100.0
64.79,,11.1,2,100.0
62.66,,10.8,2,100.0
60.84,,10.4,2,100.0
59.06,,11.0,2,100.0
57.37,,10.8,2,100.0
55.76,,8.4,2,100.0
54.25,,10.9,2,100.0
52.81,,9.7,2,100.0
51.46,,9.2,2,100.0
50.03,,10.0,2,100.0
48.94,,9.4,2,100.0
47.77,,9.8,2,100.0
46.66,,10.3,2,100.0
45.59,,11.0,2,100.0
44.58,,10.9,2,100.0
43.6,,12.0,2,100.0
42.66,,11.7,2,100.0
41.7,,11.8,2,100.0
40.92,,11.4,2,100.0
40.1,,11.9,2,100.0
39.3,,11.8,2,100.0
38.56,,11.1,2,100.0
37.83,,12.2,2,100.0
37.13,,11.2,2,100.0
36.46,,12.5,2,100.0
35.78,,12.2,2,100.0
35.17,,10.5,2,100.0
34.56,,11.3,2,100.0
33.97,,11.9,2,100.0
33.41,,11.9,2,100.0
32.85,,12.4,2,100.0
32.33,,11.3,2,100.0
31.81,,12.6,2,100.0
31.31,,13.4,2,100.0
30.82,,12.8,2,100.0
30.36,,13.5,2,100.0
29.89,,14.8,2,100.0
29.46,,14.1,2,100.0
29.03,,13.0,2,100.0
28.63,,13.4,2,100.0
28.22,,12.7,2,100.0
27.83,,13.2,2,100.0
27.44,,13.7,2,100.0
27.07,,16.7,2,100.0
40.07,,13.7,2,100.0
39.53,,15.9,2,100.0
38.98,,13.4,2,100.0
38.52,,14.8,2,100.0
38.02,,16.9,2,100.0
37.56,,18.3,2,100.0
37.09,,19.0,2,100.0
36.64,,22.2,2,100.0
36.2,,24.2,2,100.0
47.69,,24.0,2,100.0
47.13,,27.6,2,100.0
46.59,,26.7,2,100.0
46.05,,28.1,2,100.0
45.52,,29.3,2,100.0
45.01,,30.6,2,100.0
44.48,,32.6,2,100.0
44.02,,31.8,2,100.0
43.54,,29.0,2,100.0
43.07,,30.7,2,100.0
42.61,,29.1,2,100.0
42.16,,27.8,2,100.0
41.72,,29.0,2,100.0
41.3,,29.1,2,100.0
40.87,,29.1,2,100.0
40.46,,28.3,2,100.0
40.05,,28.7,2,100.0
39.65,,32.1,2,100.0
39.25,,29.0,2,100.0
38.88,,29.9,2,100.0
38.51,,31.6,2,100.0
38.14,,31.2,2,100.0
37.78,,34.5,2,100.0
37.43,,33.0,2,100.0
37.08,,32.5,2,100.0
36.74,,31.9,2,100.0
36.41,,32.4,2,100.0
36.08,,32.2,2,100.0
35.75,,31.1,2,100.0
35.43,,31.9,2,100.0
35.11,,32.4,2,100.0
34.82,,32.1,2,100.0
34.53,,32.0,2,100.0
34.24,,34.3,2,100.0
33.95,,35.4,2,100.0
33.67,,36.1,2,100.0
33.39,,39.6,2,100.0
33.11,,44.2,2,100.0
32.83,,46.7,2,100.0
32.57,,50.6,2,100.0
32.31,,50.1,2,100.0
40.05,,50.1,2,100.0
39.74,,51.1,2,100.0
39.43,,49.5,2,100.0
39.12,,47.9,2,100.0
38.82,,47.9,2,100.0
38.52,,48.3,2,100.0
38.23,,48.2,2,100.0
37.93,,45.9,2,100.0
37.65,,46.8,2,100.0
37.37,,47.6,2,100.0
37.09,,48.0,2,100.0
36.82,,47.2,2,100.0
36.55,,48.8,2,100.0
36.28,,47.3,2,100.0
36.02,,46.3,2,100.0
35.75,,46.9,2,100.0
35.51,,48.9,2,100.0
35.26,,47.0,2,100.0
35.01,,46.4,2,100.0
34.77,,45.0,2,100.0
34.53,,43.3,2,100.0
34.28,,42.9,2,100.0
34.06,,41.0,2,100.0
33.82,,39.7,2,100.0
33.6,,37.9,2,100.0
33.38,,34.3,2,100.0
33.16,,31.6,2,100.0
32.94,,29.9,2,100.0
32.72,,26.0,2,100.0
32.5,,24.8,2,100.0
32.3,,22.7,2,100.0
32.09,,22.2,2,100.0
31.89,,21.4,2,100.0
31.68,,21.8,2,100.0
31.49,,20.8,2,100.0
31.29,,23.3,2,100.0
31.09,,21.5,2,100.0
30.9,,19.2,2,100.0
30.71,,19.2,2,100.0
30.53,,19.6,2,100.0
30.33,,18.4,2,100.0
30.16,,18.5,2,100.0
29.98,,16.1,2,100.0
29.79,,15.6,2,100.0
29.62,,14.0,2,100.0
29.45,,13.3,2,100.0
29.27,,14.3,2,100.0
29.1,,14.2,2,100.0
28.93,,12.4,2,100.0
28.77,,12.4,2,100.0
28.6,,11.8,2,100.0
28.44,,12.3,2,100.0
33.94,,10.1,2,100.0
33.75,,8.6,2,100.0
33.56,,6.7,2,100.0
33.37,,5.6,2,100.0
33.19,,3.5,2,100.0
33.0,,1.5,2,100.0
32.82,,0.0,2,100.0
32.64,,0.8,2,100.0
32.46,,0.0,2,100.0
32.29,,0.2,2,100.0
32.12,,0.4,2,100.0
31.95,,1.5,2,100.0
31.77,,1.3,2,100.0
31.61,,2.6,2,100.0
31.44,,3.4,2,100.0
31.28,,4.5,2,100.0
31.12,,5.0,2,100.0
30.96,,5.1,2,100.0
30.8,,5.9,2,100.0
30.64,,5.1,2,100.0
30.49,,4.9,2,100.0
30.33,,5.4,2,100.0
30.18,,5.6,2,100.0
30.03,,5.6,2,100.0
29.88,,5.2,2,100.0
29.73,,5.4,2,100.0
29.59,,5.7,2,100.0
29.44,,7.8,2,100.0
29.29,,7.1,2,100.0
29.15,,8.3,2,100.0
29.01,,8.8,2,100.0
28.87,,9.7,2,100.0
28.74,,10.8,2,100.0
28.6,,11.2,2,100.0
28.46,,11.8,2,100.0
28.33,,11.2,2,100.0
28.19,,11.4,2,100.0
28.06,,11.6,2,100.0
27.93,,11.4,2,100.0
27.8,,11.7,2,100.0
27.68,,11.5,2,100.0
27.55,,12.3,2,100.0
27.42,,12.0,2,100.0
27.3,,11.3,2,100.0
27.17,,11.3,2,100.0
27.05,,11.2,2,100.0
26.93,,10.9,2,100.0
26.81,,9.8,2,100.0
26.69,,9.5,2,100.0
26.57,,9.9,2,100.0
26.46,,8.5,2,100.0
26.34,,6.5,2,100.0
26.22,,5.6,2,100.0
26.11,,4.7,2,100.0
26.0,,2.0,2,100.0
25.89,,3.1,2,100.0
25.78,,1.2,2,100.0
25.67,,2.1,2,100.0
25.56,,1.5,2,100.0
25.45,,0.8,2,100.0
25.34,,1.8,2,100.0
25.24,,1.7,2,100.0
25.13,,0.7,2,100.0
25.02,,1.1,2,100.0
24.92,,0.2,2,100.0
24.82,,0.1,2,100.0
24.72,,0.7,2,100.0
24.62,,0.2,2,100.0
24.52,,1.1,2,100.0
24.42,,0.9,2,100.0
24.32,,0.9,2,100.0
24.22,,0.2,2,100.0
24.12,,0.8,2,100.0
24.03,,0.8,2,100.0
23.93,,1.6,2,100.0
23.84,,1.3,2,100.0
23.74,,1.9,2,100.0
23.65,,0.8,2,100.0
23.55,,1.1,2,100.0
23.46,,2.4,2,100.0
23.37,,1.6,2,100.0
23.28,,0.6,2,100.0
23.19,,1.2,2,100.0
23.1,,0.3,2,100.0
23.01,,1.4,2,100.0
22.92,,1.5,2,100.0
22.84,,3.2,2,100.0
22.75,,3.3,2,100.0
22.66,,5.5,2,100.0
22.58,,6.0,2,100.0
22.49,,8.5,2,100.0
22.41,,12.5,2,100.0
22.33,,15.6,2,100.0
22.24,,18.0,2,100.0
22.16,,20.7,2,100.0
22.08,,23.9,2,100.0
22.0,,24.6,2,100.0
21.92,,27.2,2,100.0
21.84,,30.2,2,100.0
21.76,,29.8,2,100.0
21.68,,29.2,2,100.0
21.6,,29.1,2,100.0
21.53,,28.0,2,100.0
21.45,,28.2,2,100.0
21.37,,29.2,2,100.0
21.29,,28.5,2,100.0
21.22,,27.3,2,100.0
21.15,,26.9,2,100.0
21.07,,27.5,2,100.0
21.0,,25.7,2,100.0
20.93,,24.5,2,100.0
20.85,,22.5,2,100.0
20.78,,21.0,2,100.0
20.71,,21.3,2,100.0
20.64,,19.2,2,100.0
20.57,,18.6,2,100.0
20.5,,18.3,2,100.0
20.43,,16.6,2,100.0
20.36,,15.1,2,100.0
20.29,,15.0,2,100.0
20.22,,16.3,2,100.0
20.15,,13.6,2,100.0
23.43,,15.1,2,100.0
23.35,,13.2,2,100.0
23.28,,12.6,2,100.0
23.2,,11.1,2,100.0
23.12,,11.5,2,100.0
23.05,,11.6,2,100.0
22.97,,11.3,2,100.0
22.89,,10.4,2,100.0
22.82,,11.6,2,100.0
22.75,,11.9,2,100.0
22.67,,12.3,2,100.0
22.6,,13.6,2,100.0
22.53,,12.5,2,100.0
22.45,,13.8,2,100.0
22.38,,13.4,2,100.0
22.31,,13.3,2,100.0
22.24,,13.5,2,100.0
25.33,,14.3,2,100.0
25.25,,13.7,2,100.0
25.17,,14.0,2,100.0
25.1,,13.8,2,100.0
25.02,,13.6,2,100.0
24.93,,14.9,2,100.0
24.87,,15.0,2,100.0
24.79,,15.0,2,100.0
24.71,,15.3,2,100.0
24.63,,16.8,2,100.0
24.56,,16.2,2,100.0
24.48,,18.2,2,100.0
24.41,,16.9,2,100.0
24.33,,17.1,2,100.0
24.26,,16.2,2,100.0
24.19,,16.0,2,100.0
24.11,,15.3,2,100.0
24.04,,15.3,2,100.0
23.97,,14.7,2,100.0
23.9,,14.0,2,100.0
23.83,,12.5,2,100.0
23.75,,11.5,2,100.0
23.69,,11.2,2,100.0
23.62,,10.2,2,100.0
23.55,,10.4,2,100.0
23.48,,8.8,2,100.0
23.41,,9.0,2,100.0
23.34,,8.9,2,100.0
26.18,,8.2,2,100.0
26.11,,8.2,2,100.0
26.04,,8.1,2,100.0
25.96,,7.3,2,100.0
25.89,,8.1,2,100.0
25.81,,7.9,2,100.0
25.74,,7.3,2,100.0
25.67,,7.1,2,100.0
25.59,,8.3,2,100.0
25.51,,8.1,2,100.0
25.45,,7.8,2,100.0
28.19,,7.5,2,100.0
28.11,,8.3,2,100.0
28.04,,7.9,2,100.0
27.96,,7.8,2,100.0
27.88,,6.9,2,100.0
27.8,,7.8,2,100.0
27.73,,8.2,2,100.0
27.65,,7.6,2,100.0
27.57,,7.1,2,100.0
27.5,,8.8,2,100.0
27.42,,7.8,2,100.0
27.35,,8.5,2,100.0
30.0,,7.9,2,100.0
29.92,,8.0,2,100.0
29.84,,8.6,2,100.0
29.76,,7.4,2,100.0
29.68,,8.4,2,100.0
29.6,,8.5,2,100.0
29.52,,8.8,2,100.0
29.44,,9.1,2,100.0
29.36,,9.4,2,100.0
29.28,,10.3,2,100.0
29.2,,8.5,2,100.0
29.13,,8.6,2,100.0
29.05,,8.8,2,100.0
28.97,,10.1,2,100.0
28.9,,9.3,2,100.0
28.82,,8.5,2,100.0
28.75,,9.9,2,100.0
28.67,,9.9,2,100.0
28.6,,9.8,2,100.0
28.52,,11.1,2,100.0
28.45,,9.1,2,100.0
28.38,,9.7,2,100.0
28.3,,9.5,2,100.0
28.23,,9.6,2,100.0
28.16,,9.8,2,100.0
28.08,,9.5,2,100.0
28.01,,9.5,2,100.0
27.94,,7.7,2,100.0
27.87,,8.5,2,100.0
27.8,,6.9,2,100.0
27.73,,7.0,2,100.0
27.66,,5.9,2,100.0
27.59,,4.9,2,100.0
27.52,,5.7,2,100.0
27.45,,5.7,2,100.0
27.39,,5.0,2,100.0
27.32,,5.6,2,100.0
27.25,,5.8,2,100.0
27.18,,7.6,2,100.0
27.12,,8.7,2,100.0
27.05,,8.0,2,100.0
26.98,,8.5,2,100.0
26.92,,8.8,2,100.0
26.85,,9.7,2,100.0
26.79,,9.6,2,100.0
26.72,,10.0,2,100.0
26.66,,11.0,2,100.0
26.59,,9.3,2,100.0
26.53,,8.4,2,100.0
26.46,,10.2,2,100.0
26.4,,9.6,2,100.0
26.34,,9.4,2,100.0
26.27,,10.3,2,100.0
26.21,,9.7,2,100.0
26.15,,10.9,2,100.0
26.09,,10.4,2,100.0
26.03,,10.6,2,100.0
25.96,,10.7,2,100.0
25.9,,10.8,2,100.0
25.84,,10.7,2,100.0
25.78,,10.6,2,100.0
25.72,,10.7,2,100.0
25.66,,11.3,2,100.0
25.6,,11.1,2,100.0
25.54,,10.6,2,100.0
25.48,,10.8,2,100.0
25.42,,10.6,2,100.0
25.37,,11.8,2,100.0
25.31,,11.0,2,100.0
25.25,,11.5,2,100.0
25.19,,12.2,2,100.0
25.13,,12.6,2,100.0
27.35,,12.0,2,100.0
27.29,,11.8,2,100.0
27.23,,11.9,2,100.0
27.17,,12.0,2,100.0
29.37,,12.6,2,100.0
29.3,,11.6,2,100.0
29.24,,12.5,2,100.0
29.17,,12.6,2,100.0
31.34,,12.3,2,100.0
31.27,,13.0,2,100.0
31.2,,11.4,2,100.0
