timestamp,blink_rate,gaze_score,head_deviation,focus_score,focus_label
1773071573.465344,22.32,0,0.0016,30.83,distracted
1773071583.5186179,13.76,0,0.011,23.15,distracted
1773071593.5532546,9.94,0,0.0092,22.86,distracted
1773071603.569508,7.79,0,0.004200000000000001,0.59,very_dist_distracted
1773071613.5805116,7.47,0,0.0034,0.59,very_dist_distracted
1773071623.5966716,24.45,0,0.013,21.81,distracted
1773071633.6177843,36.97,0,0.0106,39.8,distracted
1773071643.6376195,38.93,0,0.009,39.8,distracted
1773071653.7106721,38.6,0,0.0358,39.8,distracted
1773071663.7202306,40.61,0,0.017,36.91,distracted
1773071673.727439,42.27,0,0.006,30.95,distracted
1773071683.7393568,52.69,0,0.010199999999999999,53.24,Neutral
1773071693.755611,57.18,0,0.009800000000000001,22.14,distracted
1773071703.8209922,53.26,0,0.011800000000000001,49.61,Neutral
1773071713.8442662,49.84,0,0.0004,67.75,slightly_Focused
1773071723.8549142,47.2,0,0.003,34.14,distracted
1773071733.8879182,49.96,0,0.0182,67.75,slightly_Focused
1773071743.8934934,48.89,0,0.0214,66.21,slightly_Focused
1773071753.900116,46.7,0,0.0428,34.14,distracted
1773071763.9156523,44.44,0,0.0282,34.14,distracted
1773071773.9278002,42.38,0,0.0086,30.95,distracted
1773071783.954864,40.78,0,0.0056,36.91,distracted
1773071793.9754632,39.05,0,0.017,39.8,distracted
1773071804.0296686,37.46,0,0.0146,39.8,distracted
1773071814.0425065,35.99,0,0.0132,39.8,distracted
1773071824.0583937,37.34,0,0.027,39.8,distracted
1773071834.0693493,35.99,0,0.001,39.8,distracted
1773071844.0850513,34.73,0,0.0034,39.8,distracted
1773071854.10991,33.76,0,0.02,38.36,distracted
1773071864.1265795,32.66,0,0.0394,32.73,distracted
1773071874.1286037,31.82,0,0.0422,32.54,distracted
1773071884.140231,30.84,0,0.0366,33.21,distracted
1773071894.1561964,29.93,0,0.038799999999999994,33.21,distracted
1773071904.1803658,29.06,0,0.0224,36.35,distracted
1773071914.1945832,28.25,0,0.0058,34.4,distracted
1773071924.1953382,27.8,0,0.0004,18.04,very_dist_distracted
1773071934.2109962,27.06,0,0.019,17.93,very_dist_distracted
1773071944.22449,26.36,0,0.0648,17.93,very_dist_distracted
1773071954.2398262,25.85,0,0.0518,18.84,very_dist_distracted
1773071964.273805,25.21,0,0.0156,19.45,very_dist_distracted
1773071974.327667,24.6,0,0.0136,21.81,distracted
1773071984.343104,24.03,0,0.0066,21.81,distracted
1773071994.3605707,23.61,0,0.0288,21.81,distracted
1773072004.3758035,23.09,0,0.032600000000000004,33.87,distracted
1773072014.3832827,22.58,0,0.006,33.87,distracted
1773072024.399352,22.1,0,0.0156,29.14,distracted
1773072034.4098341,21.63,0,0.027,23.33,distracted
1773072044.4256845,21.43,0,0.0184,23.33,distracted
1773072054.4418085,21.0,0,0.0112,18.89,very_dist_distracted
1773072064.4538424,20.59,0,0.0218,18.89,very_dist_distracted
1773072351.1021123,0.0,0.0,0.01,5.15,very_dist_distracted
1773072361.1172407,0.0,0.0,0.005,5.15,very_dist_distracted
1773072371.135048,3.33,0.0,0.022600000000000002,23.4,distracted
1773072381.1547282,2.6,0.0,0.0268,23.4,distracted
1773072391.1726062,11.77,0.0,0.017,31.43,distracted
1773072401.2199528,11.8,0.0,0.060399999999999995,38.78,distracted
1773072411.2570016,10.24,0.0,0.011,25.34,distracted
1773072421.2600813,9.75,0.0,0.08120000000000001,7.67,very_dist_distracted
1773072452.0597808,3.74,100.0,0.015,61.84,slightly_Focused
1773072462.0613456,11.52,100.0,0.0362,52.65,Neutral
1773072472.0850432,8.31,100.0,0.0394,40.47,Neutral
1773072482.1009674,6.51,100.0,0.038799999999999994,40.5,Neutral
1773072492.1256244,7.49,100.0,0.0156,35.75,distracted
1773072502.139994,19.96,100.0,0.0346,47.9,Neutral
1773072512.1401365,19.7,100.0,0.0166,47.72,Neutral
1773072522.1565871,18.11,100.0,0.010199999999999999,47.72,Neutral
1773072532.1783023,16.85,100.0,0.0228,47.72,Neutral
1773072542.1838984,15.26,100.0,0.026,28.16,distracted
1773072552.2006114,14.97,100.0,0.0322,28.16,distracted
1773072562.2219524,13.79,100.0,0.0062,50.29,Neutral
1773072572.2287982,12.77,100.0,0.022,64.18,slightly_Focused
1773072582.2588036,13.13,100.0,0.009800000000000001,50.29,Neutral
1773072592.2680857,13.82,100.0,0.044,50.29,Neutral
1773072602.2690573,13.71,100.0,0.0258,50.29,Neutral
1773072612.2841697,13.27,100.0,0.0334,50.29,Neutral
1773072622.2984884,13.21,100.0,0.0148,55.72,Neutral
1773072632.3124106,12.53,100.0,0.019,64.06,slightly_Focused
1773072642.3292036,13.09,100.0,0.0056,50.29,Neutral
1773072652.3456445,12.48,100.0,0.022600000000000002,64.06,slightly_Focused
1773072662.368991,12.46,100.0,0.0114,64.06,slightly_Focused
1773072672.3753529,11.93,100.0,0.0232,65.2,slightly_Focused
1773072682.3840828,11.45,100.0,0.024,65.2,slightly_Focused
1773072692.3968835,12.17,100.0,0.0356,64.06,slightly_Focused
1773072702.4177096,13.74,100.0,0.0036,50.29,Neutral
1773072712.4239578,14.11,100.0,0.0246,28.16,distracted
1773072722.4510312,14.45,100.0,0.001,28.16,distracted
1773072732.4561758,15.18,100.0,0.0248,28.16,distracted
1773072742.4939713,18.01,100.0,0.0304,47.72,Neutral
1773072752.5496743,17.82,100.0,0.0206,47.72,Neutral
1773072762.5597715,18.01,100.0,0.014199999999999999,47.72,Neutral
1773072772.5726545,17.47,100.0,0.019399999999999997,47.72,Neutral
1773072782.5854776,17.49,100.0,0.0444,47.72,Neutral
1773072792.636583,17.16,100.0,0.0232,47.72,Neutral
1773072802.6726093,17.02,100.0,0.010199999999999999,47.72,Neutral
1773072812.6891768,16.88,100.0,0.0114,47.72,Neutral
1773072822.7012644,16.45,100.0,0.02,47.72,Neutral
1773072832.7175643,16.33,100.0,0.002,47.72,Neutral
1773072842.7391987,16.82,100.0,0.0074,47.72,Neutral
1773072852.7550013,18.43,100.0,0.0114,47.72,Neutral
1773072867.53675,19.47,100.0,0.04,47.72,Neutral
1773072877.571144,19.02,100.0,0.0582,47.72,Neutral
1773072887.5928383,18.6,100.0,0.0444,47.72,Neutral
1773072897.5995188,18.2,100.0,0.0378,47.72,Neutral
1773072907.6224947,17.81,100.0,0.038,47.72,Neutral
1773072917.6365662,18.19,100.0,0.0218,47.72,Neutral
1773072927.6481645,17.82,100.0,0.051,47.72,Neutral
1773072937.6552863,18.18,100.0,0.053200000000000004,47.72,Neutral
1773072947.6782632,17.94,100.0,0.0464,47.72,Neutral
1773072957.6933398,17.6,100.0,0.0476,47.72,Neutral
1773072967.6995745,17.27,100.0,0.0474,47.72,Neutral
1773072977.7114086,16.95,100.0,0.0444,47.72,Neutral
1773072987.7440565,17.18,100.0,0.013800000000000002,47.72,Neutral
1773072997.8029923,18.26,100.0,0.008199999999999999,47.72,Neutral
1773073007.8427494,19.83,100.0,0.009800000000000001,47.72,Neutral
1773073017.8869433,20.73,100.0,0.0032,48.26,Neutral
1773073027.9174173,20.48,100.0,0.0092,48.26,Neutral
1773073037.97448,20.23,100.0,0.0106,48.26,Neutral
1773073047.9995527,19.9,100.0,0.022600000000000002,47.72,Neutral
1773073058.0080347,20.55,100.0,0.038200000000000005,48.26,Neutral
1773073068.0178413,20.51,100.0,0.013800000000000002,48.26,Neutral
1773073078.0340867,20.19,100.0,0.0116,48.26,Neutral
1773073088.046295,19.97,100.0,0.0314,47.72,Neutral
1773073098.0786629,19.94,100.0,0.019399999999999997,47.72,Neutral
1773073108.1336887,19.64,100.0,0.0208,47.72,Neutral
1773073118.1562681,19.35,100.0,0.0176,47.72,Neutral
1773073128.167222,19.94,100.0,0.023,47.72,Neutral
1773073138.1868641,20.59,100.0,0.0006,48.26,Neutral
1773073148.2077596,21.4,100.0,0.0416,47.06,Neutral
1773073158.268646,21.1,100.0,0.0272,48.26,Neutral
1773073168.2814443,20.81,100.0,0.019399999999999997,48.26,Neutral
1773073178.2820258,21.02,100.0,0.0014,48.26,Neutral
1773073188.3259394,20.74,100.0,0.0064,48.26,Neutral
1773073198.3810942,20.54,100.0,0.004200000000000001,48.26,Neutral
1773073208.3997207,20.66,100.0,0.0172,48.26,Neutral
1773073218.40906,20.4,100.0,0.007,48.26,Neutral
1773073228.4629378,20.44,100.0,0.028,48.26,Neutral
1773073238.4968712,20.64,100.0,0.012,48.26,Neutral
1773073248.5210507,20.9,100.0,0.0016,48.26,Neutral
1773073258.5295963,20.64,100.0,0.0032,48.26,Neutral
1773073268.546997,20.4,100.0,0.0362,48.26,Neutral
1773073278.5651176,20.15,100.0,0.0324,48.26,Neutral
1773073288.568185,20.06,100.0,0.033,47.72,Neutral
1773073298.6110837,19.96,100.0,0.0172,47.72,Neutral
1773073308.672941,20.01,100.0,0.0334,47.72,Neutral
1773073318.6898935,19.85,100.0,0.038,47.72,Neutral
1773073328.7434924,19.69,100.0,0.037399999999999996,47.72,Neutral
1773073338.7859147,19.54,100.0,0.0206,47.72,Neutral
1773073348.8418112,19.59,100.0,0.0442,47.72,Neutral
1773073358.851795,19.44,100.0,0.0216,47.72,Neutral
1773073368.8729699,19.3,100.0,0.0992,49.13,Neutral
1773073378.875476,19.09,100.0,0.0706,47.72,Neutral
1773073388.9000974,18.89,100.0,0.0714,47.72,Neutral
1773073398.90336,18.88,100.0,0.0616,47.72,Neutral
1773073408.9187686,18.81,100.0,0.0402,47.72,Neutral
1773073418.9431777,19.05,100.0,0.055600000000000004,47.72,Neutral
1773073428.946586,19.22,100.0,0.0436,47.72,Neutral
1773073451.5009458,11.14,100.0,0.0178,46.35,Neutral
1773073461.5080154,6.87,100.0,0.021,40.13,Neutral
1773073471.5472677,8.28,100.0,0.0088,40.47,Neutral
1773073481.5677428,7.78,100.0,0.0208,35.75,distracted
1773073491.6038933,10.65,100.0,0.0272,75.44,slightly_Focused
1773073501.61299,9.95,100.0,0.0434,58.73,Neutral
1773073511.6211257,11.0,100.0,0.0268,65.3,slightly_Focused
1773073521.6453674,9.73,100.0,0.0048,46.56,Neutral
1773073531.6746502,8.72,100.0,0.0254,46.19,Neutral
1773073541.7248073,9.02,100.0,0.0214,48.92,Neutral
1773073551.7863088,9.27,100.0,0.027399999999999997,48.92,Neutral
1773073561.8124475,8.54,100.0,0.001,35.84,distracted
1773073571.8175883,7.91,100.0,0.0036,35.75,distracted
1773073581.846435,7.37,100.0,0.0044,35.75,distracted
1773073591.8747675,6.9,100.0,0.0154,40.13,Neutral
1773073601.8799093,6.48,100.0,0.0008,40.5,Neutral
1773073611.8838716,7.47,100.0,0.0034,35.75,distracted
1773073621.89623,8.04,100.0,0.0538,37.5,distracted
1773073631.9123282,9.15,100.0,0.0686,48.92,Neutral
1773073692.274434,8.87,100.0,0.0176,64.91,slightly_Focused
1773073702.3152723,10.11,100.0,0.0088,58.73,Neutral
1773073712.33582,9.75,100.0,0.019,48.92,Neutral
1773073722.3823817,9.4,100.0,0.0006,48.92,Neutral
1773073732.3866172,10.91,100.0,0.0072,68.65,slightly_Focused
1773073742.4189188,11.72,100.0,0.0258,65.2,slightly_Focused
1773073752.474397,11.54,100.0,0.0048,65.2,slightly_Focused
1773073762.4976416,11.37,100.0,0.0516,65.2,slightly_Focused
1773073772.5017967,13.7,100.0,0.056600000000000004,50.29,Neutral
1773073785.6368883,13.87,100.0,0.0064,50.29,Neutral
1773073795.6671712,13.65,100.0,0.0108,50.29,Neutral
1773073805.724623,13.93,100.0,0.0174,50.29,Neutral
1773073815.7547913,14.82,100.0,0.0272,28.16,distracted
1773073825.7618322,16.75,100.0,0.0518,47.72,Neutral
1773073835.7785187,17.83,100.0,0.06559999999999999,47.72,Neutral
1773073845.8376791,17.98,100.0,0.0608,47.72,Neutral
1773073855.8515291,17.98,100.0,0.0424,47.72,Neutral
1773073865.8697314,17.56,100.0,0.029,47.72,Neutral
1773073875.8835654,17.16,100.0,0.038200000000000005,47.72,Neutral
1773073885.925598,16.78,100.0,0.0078,47.72,Neutral
1773073895.968387,16.93,100.0,0.079,47.72,Neutral
1773073923.5929852,3.62,100.0,0.0012,61.84,slightly_Focused
1773073933.6092188,6.77,100.0,0.0006,41.09,Neutral
1773073943.638325,13.11,100.0,0.0064,59.76,Neutral
1773073953.6971219,50.14,100.0,0.0202,64.73,slightly_Focused
1773073963.7087932,52.93,100.0,0.0092,59.72,Neutral
1773073973.7245216,46.78,100.0,0.0202,54.92,Neutral
1773073983.7471673,59.44,100.0,0.0268,31.83,distracted
1773073993.7566416,69.18,100.0,0.019399999999999997,30.13,distracted
1773074003.778325,85.58,100.0,0.027600000000000003,24.56,distracted
1773074026.0816934,80.13,100.0,0.0814,22.55,distracted
1773074041.6071923,70.89,100.0,0.0482,23.68,distracted
1773074051.6294162,69.29,100.0,0.0232,30.13,distracted
1773074061.6419017,72.57,100.0,0.0538,27.87,distracted
1773074071.6472707,72.53,100.0,0.074,27.87,distracted
1773074081.6700337,70.09,100.0,0.038,27.87,distracted
1773074091.6756592,66.61,100.0,0.047,30.18,distracted
1773074101.7197897,66.27,100.0,0.0324,30.16,distracted
1773074111.7629542,65.94,100.0,0.0202,30.16,distracted
1773074121.7778666,63.98,100.0,0.011,31.85,distracted
1773074131.8289127,66.47,100.0,0.040600000000000004,30.16,distracted
1773074141.8628113,70.01,100.0,0.0052,27.87,distracted
1773074151.8796463,70.82,100.0,0.0418,27.87,distracted
1773074161.8938982,70.86,100.0,0.0396,27.87,distracted
1773074171.9811954,71.56,100.0,0.0446,27.87,distracted
1773074181.9929929,71.57,100.0,0.053399999999999996,27.87,distracted
1773074192.2972367,71.72,100.0,0.030600000000000002,27.87,distracted
1773074202.3099585,71.52,100.0,0.0722,27.87,distracted
1773074212.3214333,72.13,100.0,0.0026,27.87,distracted
1773074224.039778,70.6,100.0,0.1272,27.94,distracted
1773074234.2126417,68.95,100.0,0.0152,30.13,distracted
1773074244.2251174,66.9,100.0,0.0146,30.2,distracted
1773074255.0814037,64.82,100.0,0.0174,31.63,distracted
1773074265.095044,65.86,100.0,0.014199999999999999,30.16,distracted
1773074275.6531723,63.97,100.0,0.0126,31.65,distracted
1773074285.6738563,63.07,100.0,0.021,31.85,distracted
1773074304.812895,61.69,100.0,0.0876,31.79,distracted
1773074314.8304784,61.06,100.0,0.0046,32.02,distracted
1773074324.8402202,60.32,100.0,0.0432,32.02,distracted
1773074334.8454282,59.32,100.0,0.053399999999999996,31.83,distracted
1773074344.8705738,57.97,100.0,0.056799999999999996,31.83,distracted
1773074354.8723984,57.21,100.0,0.013,31.83,distracted
1773074364.8840327,56.09,100.0,0.0094,31.57,distracted
1773074374.8995411,54.89,100.0,0.0054,32.8,distracted
1773074384.9271467,53.86,100.0,0.0094,45.31,Neutral
1773074394.9272218,52.76,100.0,0.003,62.93,slightly_Focused
1773074404.9597619,52.78,100.0,0.0282,62.93,slightly_Focused
1773074415.0152094,51.97,100.0,0.0012,77.37,slightly_Focused
1773074425.0396047,51.08,100.0,0.045200000000000004,77.47,slightly_Focused
1773074435.0565898,50.11,100.0,0.0494,77.44,slightly_Focused
1773074445.0699844,50.18,100.0,0.004,77.44,slightly_Focused
1773074455.0888524,50.03,100.0,0.0156,77.44,slightly_Focused
1773074465.14666,52.35,100.0,0.0056,67.74,slightly_Focused
1773074475.1900344,53.12,100.0,0.018600000000000002,62.93,slightly_Focused
1773074485.9685788,52.54,100.0,0.06620000000000001,62.93,slightly_Focused
1773074496.0294592,51.85,100.0,0.0292,77.37,slightly_Focused
1773074506.0566936,51.28,100.0,0.038200000000000005,77.41,slightly_Focused
1773074516.0578218,51.03,100.0,0.010199999999999999,77.47,slightly_Focused
1773074526.0799954,50.3,100.0,0.027800000000000002,77.44,slightly_Focused
1773074536.152893,50.07,100.0,0.027,77.44,slightly_Focused
1773074546.1574678,49.94,100.0,0.0312,77.44,slightly_Focused
1773074556.1864243,49.26,100.0,0.016399999999999998,77.44,slightly_Focused
1773074566.1972625,51.34,100.0,0.0072,77.46,slightly_Focused
1773074576.5251572,52.61,100.0,0.0572,62.93,slightly_Focused
1773074586.5763614,51.92,100.0,0.0166,77.37,slightly_Focused
1773074596.6031082,51.16,100.0,0.0676,77.47,slightly_Focused
1773074606.6609218,50.43,100.0,0.0026,77.44,slightly_Focused
1773074616.682723,49.8,100.0,0.0068,77.44,slightly_Focused
1773074626.69286,49.19,100.0,0.027399999999999997,77.44,slightly_Focused
1773074636.7152748,48.84,100.0,0.0376,75.34,slightly_Focused
1773074646.7921216,48.42,100.0,0.0134,75.34,slightly_Focused
1773074656.803113,47.85,100.0,0.007,75.34,slightly_Focused
1773074666.809293,47.22,100.0,0.0062,54.92,Neutral
1773074676.8226514,46.77,100.0,0.0054,54.92,Neutral
1773074686.8364348,47.09,100.0,0.0264,54.92,Neutral
1773074696.848345,48.85,100.0,0.0224,75.34,slightly_Focused
1773074706.86487,50.34,100.0,0.0116,77.44,slightly_Focused
1773074716.8757522,51.49,100.0,0.0214,77.39,slightly_Focused
1773074726.891635,52.25,100.0,0.021,62.93,slightly_Focused
1773074736.9204128,53.07,100.0,0.085,62.93,slightly_Focused
1773074747.6556706,52.39,100.0,0.1172,63.04,slightly_Focused
1773074757.655685,51.91,100.0,0.040600000000000004,77.37,slightly_Focused
1773074767.6686664,51.31,100.0,0.0448,77.39,slightly_Focused
1773074777.7203124,51.0,100.0,0.061799999999999994,77.47,slightly_Focused
1773074787.755647,50.55,100.0,0.0044,77.46,slightly_Focused
1773074797.7712924,50.18,100.0,0.019600000000000003,77.44,slightly_Focused
1773074807.7832341,50.36,100.0,0.0078,77.44,slightly_Focused
1773074817.8011966,50.86,100.0,0.0222,77.47,slightly_Focused
1773074827.8128307,51.35,100.0,0.065,77.38,slightly_Focused
1773074837.82729,50.86,100.0,0.002,77.47,slightly_Focused
1773074847.84427,50.45,100.0,0.0176,77.44,slightly_Focused
1773074857.8553112,49.98,100.0,0.0214,77.44,slightly_Focused
1773074868.0033562,49.95,100.0,0.0526,77.44,slightly_Focused
1773074878.06271,49.99,100.0,0.0432,77.44,slightly_Focused
1773074888.0798461,49.72,100.0,0.0128,77.44,slightly_Focused
1773074898.1539445,49.46,100.0,0.018,77.44,slightly_Focused
1773074908.1747172,49.44,100.0,0.0124,77.44,slightly_Focused
1773074918.178397,49.61,100.0,0.0286,77.44,slightly_Focused
1773074928.208156,49.53,100.0,0.016399999999999998,77.44,slightly_Focused
1773074938.2166772,49.05,100.0,0.032,77.16,slightly_Focused
1773074948.2399535,48.64,100.0,0.009,75.34,slightly_Focused
1773074958.247368,48.57,100.0,0.0386,75.34,slightly_Focused
1773074968.2648227,48.28,100.0,0.009,75.34,slightly_Focused
1773074978.2676368,47.83,100.0,0.0202,75.34,slightly_Focused
1773074988.2854006,47.39,100.0,0.0158,54.92,Neutral
1773074998.2954595,47.12,100.0,0.04,54.92,Neutral
1773075008.305635,46.85,100.0,0.027800000000000002,54.92,Neutral
1773075018.3213644,46.81,100.0,0.0798,54.92,Neutral
1773075028.3331418,46.39,100.0,0.011800000000000001,54.92,Neutral
1773075038.3488004,46.14,100.0,0.0008,54.92,Neutral
1773075048.3647573,45.74,100.0,0.0152,54.92,Neutral
1773075058.3862987,45.44,100.0,0.047200000000000006,54.92,Neutral
1773075068.3940556,45.62,100.0,0.016,54.92,Neutral
1773075078.4063473,45.84,100.0,0.0166,54.92,Neutral
1773075088.4202607,46.17,100.0,0.0308,54.92,Neutral
1773075098.9201806,46.77,100.0,0.1182,54.8,Neutral
1773080996.6763668,7.94,100.0,0.062200000000000005,52.1,Neutral
1773081006.7194662,8.11,100.0,0.0606,37.5,distracted
1773081016.7386115,8.27,100.0,0.0664,40.47,Neutral
1773081026.9237502,8.33,100.0,0.07840000000000001,40.47,Neutral
1773081036.936385,8.41,100.0,0.061200000000000004,40.47,Neutral
1773081047.434462,8.5,100.0,0.038799999999999994,40.47,Neutral
1773081057.4439886,8.48,100.0,0.046,40.47,Neutral
1773081067.58299,8.49,100.0,0.004,40.47,Neutral
1773081077.600065,8.53,100.0,0.0848,33.22,distracted
1773086150.8141634,5.79,100.0,0.0316,42.62,Neutral
1773086160.9392147,7.78,100.0,0.0292,38.6,distracted
1773086170.9475286,24.96,100.0,0.0294,37.56,distracted
1773086197.8805954,27.43,100.0,0.0004,58.27,Neutral
1773086232.3543298,19.36,100.0,0.02,51.57,Neutral
1773086242.369957,22.98,100.0,0.020399999999999998,48.82,Neutral
1773086254.3161075,22.22,100.0,0.0304,41.65,Neutral
1773086264.3193002,26.37,100.0,0.0096,33.69,distracted
1773086274.341749,32.86,100.0,0.0132,51.98,Neutral
1773086284.9375958,39.52,100.0,0.002,60.77,slightly_Focused
1773086295.037883,49.48,100.0,0.0052,75.76,slightly_Focused
1773086305.1076577,56.56,100.0,0.014199999999999999,31.71,distracted
1773086315.1093574,61.93,100.0,0.0166,31.83,distracted
1773086325.1242108,68.6,100.0,0.0456,30.13,distracted
1773086335.1542537,70.81,100.0,0.026,27.87,distracted
1773086345.163549,75.04,100.0,0.013,27.08,distracted
1773086355.1699202,80.23,100.0,0.0124,28.12,distracted
1773086365.194203,83.2,100.0,0.04,26.18,distracted
1773086375.210673,81.26,100.0,0.0064,26.18,distracted
1773086385.25433,86.05,100.0,0.0252,24.56,distracted
1773086395.2808573,92.08,100.0,0.0152,21.97,distracted
1773086405.2819364,96.8,100.0,0.0014,27.93,distracted
1773086415.3103333,102.65,100.0,0.0112,22.45,distracted
1773086425.3181896,99.98,100.0,0.019,27.14,distracted
1773086435.3410125,96.7,100.0,0.04,27.92,distracted
1773086445.3429465,93.63,100.0,0.0368,22.61,distracted
1773086461.1843324,89.7,100.0,0.1492,23.0,distracted
1773086471.1866343,87.42,100.0,0.0638,24.63,distracted
1773086481.2173858,86.63,100.0,0.0334,24.56,distracted
1773086493.4378266,84.71,100.0,0.0124,24.56,distracted
1773086503.4600716,86.94,100.0,0.0188,24.56,distracted
1773086513.4618912,89.05,100.0,0.0214,24.64,distracted
1773086523.4748404,89.83,100.0,0.0202,21.97,distracted
1773086533.490148,90.58,100.0,0.0246,21.97,distracted
1773086543.5021086,93.17,100.0,0.0282,22.61,distracted
1773086553.5284238,97.06,100.0,0.026,27.89,distracted
1773086563.5348523,100.77,100.0,0.0288,22.78,distracted
1773086573.5553553,99.58,100.0,0.0182,27.81,distracted
1773086583.5627518,102.27,100.0,0.02,22.36,distracted
1773086593.5745902,105.24,100.0,0.028,22.89,distracted
1773086603.590578,107.83,100.0,0.0214,24.28,distracted
1773086613.60266,110.19,100.0,0.0238,24.28,distracted
1773086623.6206956,110.38,100.0,0.0156,23.48,distracted
1773086633.630204,110.45,100.0,0.0334,23.07,distracted
1773086643.6706924,108.3,100.0,0.0012,24.28,distracted
1773086653.722793,106.9,100.0,0.0208,24.28,distracted
1773086663.7906961,106.36,100.0,0.003,24.28,distracted
1773086673.8219562,105.27,100.0,0.0528,22.89,distracted
1773086683.8495305,103.47,100.0,0.0104,22.89,distracted
1773086693.8686037,102.7,100.0,0.0272,22.45,distracted
1773086703.8904076,102.06,100.0,0.0074,22.45,distracted
1773086713.9270804,102.15,100.0,0.01,22.45,distracted
1773086723.9458177,103.05,100.0,0.019600000000000003,22.48,distracted
1773086805.685951,92.63,100.0,0.0308,22.87,distracted
1773086815.740064,91.44,100.0,0.0484,21.97,distracted
1773086830.7510703,89.83,100.0,0.043,21.97,distracted
1773086841.4679637,88.47,100.0,0.004,22.15,distracted
1773086851.494213,87.41,100.0,0.0334,24.62,distracted
1773086862.6510763,86.33,100.0,0.089,24.56,distracted
1773086872.7055507,85.4,100.0,0.0104,24.56,distracted
1773086882.7306921,84.5,100.0,0.016399999999999998,24.56,distracted
1773086892.7437115,83.78,100.0,0.008,26.18,distracted
1773086902.7575343,83.09,100.0,0.0354,26.18,distracted
1773086912.7605255,83.17,100.0,0.0458,26.18,distracted
1773086922.7862022,82.58,100.0,0.0144,26.18,distracted
1773086932.787934,81.55,100.0,0.007,26.18,distracted
1773086942.8129911,80.54,100.0,0.0154,27.57,distracted
1773086952.8152761,79.64,100.0,0.0036,27.52,distracted
1773086962.8464787,79.11,100.0,0.0092,27.52,distracted
1773086972.846885,78.45,100.0,0.0094,27.52,distracted
1773086982.8592067,78.24,100.0,0.043,27.52,distracted
1773087094.4221358,0.0,100.0,0.037,52.05,Neutral
1773087143.7068048,0.0,100.0,0.032600000000000004,52.05,Neutral
1773087153.7426093,1.11,100.0,0.0076,52.05,Neutral
1773087163.8005881,3.12,100.0,0.0644,55.83,Neutral
1773087173.8306632,10.82,100.0,0.0564,55.38,Neutral
1773087183.8830452,21.14,100.0,0.0624,48.26,Neutral
1773087193.911582,25.71,100.0,0.0232,34.4,distracted
1773087204.398384,26.69,100.0,0.09620000000000001,33.58,distracted
1773087219.3816712,27.83,100.0,0.0854,50.14,Neutral
1773087229.4107878,28.92,100.0,0.0432,49.35,Neutral
1773087280.0408149,25.52,100.0,0.0264,47.24,Neutral
1773087290.0874512,25.47,100.0,0.0436,34.4,distracted
1773087300.1264493,31.43,100.0,0.0072,47.8,Neutral
1773087310.1973696,37.2,100.0,0.0068,61.73,slightly_Focused
1773087320.2519948,40.44,100.0,0.0032,58.84,Neutral
1773087330.2595117,45.43,100.0,0.0048,54.92,Neutral
1773087341.5473208,47.56,100.0,0.0076,54.92,Neutral
1773087379.8473778,45.96,100.0,0.0074,75.94,slightly_Focused
1773087389.8593972,45.86,100.0,0.032600000000000004,54.92,Neutral
1773087477.487294,37.6,100.0,0.027600000000000003,55.37,Neutral
1773087497.6178198,36.23,100.0,0.1018,56.63,Neutral
1773087507.6304963,36.46,100.0,0.0492,61.73,slightly_Focused
1773087522.6261396,37.46,100.0,0.08020000000000001,61.73,slightly_Focused
1773087533.614357,37.81,100.0,0.055,61.73,slightly_Focused
1773087544.0965729,39.05,100.0,0.0316,61.73,slightly_Focused
1773087554.11085,41.01,100.0,0.0368,58.84,Neutral
1773087564.1308432,41.13,100.0,0.0424,58.84,Neutral
1773087574.1629794,40.53,100.0,0.0188,58.84,Neutral
1773087584.217431,40.95,100.0,0.0238,58.84,Neutral
1773087594.2176168,41.17,100.0,0.028,58.84,Neutral
1773087604.2207618,40.89,100.0,0.0252,58.84,Neutral
1773087614.245824,40.9,100.0,0.0216,58.84,Neutral
1773087624.2616599,40.92,100.0,0.0192,58.84,Neutral
1773087634.2804377,40.94,100.0,0.0492,58.84,Neutral
1773087644.289611,41.14,100.0,0.0064,58.84,Neutral
1773087654.3057258,40.7,100.0,0.0402,58.84,Neutral
1773087664.317862,42.59,100.0,0.061399999999999996,52.88,Neutral
1773087674.3408155,42.58,100.0,0.038,52.88,Neutral
1773087684.3459065,42.65,100.0,0.047,49.29,Neutral
1773087694.361501,42.81,100.0,0.0346,39.43,distracted
1773087705.04084,43.27,100.0,0.008400000000000001,40.82,Neutral
1773087715.0546274,43.58,100.0,0.013800000000000002,41.51,Neutral
1773087725.0650985,43.31,100.0,0.022600000000000002,40.54,Neutral
1773087735.0771081,42.89,100.0,0.0644,39.43,distracted
1773087745.0896475,42.32,100.0,0.0426,52.88,Neutral
1773087755.10873,42.16,100.0,0.032799999999999996,52.88,Neutral
1773087765.1173542,41.69,100.0,0.0166,58.84,Neutral
1773087775.1359048,41.39,100.0,0.0288,58.84,Neutral
1773087785.1821017,41.17,100.0,0.0192,58.84,Neutral
1773087795.5973635,42.42,100.0,0.0632,52.88,Neutral
1773087836.5605638,11.14,100.0,0.0608,59.31,Neutral
1773087846.564104,38.97,100.0,0.046,61.73,slightly_Focused
1773087856.5900893,33.16,100.0,0.0296,60.76,slightly_Focused
1773087866.5971563,31.17,100.0,0.013800000000000002,48.03,Neutral
1773087877.3285954,31.61,100.0,0.0114,51.98,Neutral
1773087887.3413246,35.85,100.0,0.0,61.76,slightly_Focused
1773087897.3638608,51.45,100.0,0.01,77.38,slightly_Focused
1773087907.3756962,75.19,100.0,0.015,27.24,distracted
1773087917.3792295,87.22,100.0,0.011800000000000001,24.56,distracted
1773087927.4071674,100.37,100.0,0.0148,26.8,distracted
1773087937.4193366,97.93,100.0,0.0078,27.86,distracted
1773087947.4352138,105.32,100.0,0.025,22.89,distracted
1773087957.438292,112.95,100.0,0.0074,23.45,distracted
1773087967.451863,122.4,100.0,0.037399999999999996,30.3,distracted
1773087977.4839976,127.2,100.0,0.012199999999999999,30.3,distracted
1773087987.5105147,121.36,100.0,0.0048,30.3,distracted
1773087997.5660756,123.27,100.0,0.016,30.3,distracted
1773088007.5772977,123.09,100.0,0.0254,30.3,distracted
1773088017.582688,122.01,100.0,0.0032,30.3,distracted
1773088027.5949452,126.83,100.0,0.0022,30.3,distracted
1773088037.6104827,127.61,100.0,0.0028,30.3,distracted
1773088047.6457756,127.79,100.0,0.054799999999999995,30.3,distracted
1773088057.6475554,122.91,100.0,0.0362,30.3,distracted
1773088067.667303,121.57,100.0,0.0068,30.3,distracted
1773088090.7569976,112.52,100.0,0.047,29.67,distracted
1773088101.6145282,108.39,100.0,0.0594,29.27,distracted
1773088118.7028494,102.18,100.0,0.0518,28.35,distracted
1773088129.010946,98.96,100.0,0.0678,27.64,distracted
1773088139.264073,95.78,100.0,0.0664,27.48,distracted
1773088151.370065,92.27,100.0,0.0668,26.93,distracted
1773088165.1090324,91.38,100.0,0.082,22.36,distracted
1773088175.1264408,89.82,100.0,0.0358,21.97,distracted
1773088185.1859653,87.99,100.0,0.0342,24.64,distracted
1773088195.198256,85.96,100.0,0.0252,24.56,distracted
1773088205.2324297,84.19,100.0,0.027800000000000002,25.64,distracted
1773088215.286844,82.5,100.0,0.0066,26.18,distracted
1773088225.303873,80.46,100.0,0.0218,27.57,distracted
1773088235.3145075,78.66,100.0,0.0154,27.52,distracted
1773088245.3326936,76.81,100.0,0.0052,27.78,distracted
1773088255.3465173,75.59,100.0,0.014199999999999999,27.08,distracted
1773088265.357707,74.43,100.0,0.0022,27.08,distracted
1773088275.3791764,76.35,100.0,0.0166,27.78,distracted
1773088285.3857543,78.06,100.0,0.0144,27.52,distracted
1773088295.4145463,78.19,100.0,0.026600000000000002,27.52,distracted
1773088305.4307072,77.19,100.0,0.0264,27.52,distracted
1773088315.4375713,75.63,100.0,0.0154,27.08,distracted
1773088325.4417615,74.49,100.0,0.0136,27.08,distracted
1773088335.459219,73.16,100.0,0.0064,27.61,distracted
1773088345.4797804,71.76,100.0,0.0218,27.87,distracted
1773088355.5126514,71.2,100.0,0.012199999999999999,27.87,distracted
1773088365.5156417,70.77,100.0,0.0246,27.87,distracted
1773088540.4428082,33.1,100.0,0.0202,61.16,slightly_Focused
1773088550.4568589,31.96,100.0,0.009800000000000001,48.53,Neutral
1773088560.4806318,49.53,100.0,0.027,77.44,slightly_Focused
1773088570.4826655,38.83,100.0,0.0128,60.58,slightly_Focused
1773088580.4947886,35.13,100.0,0.0304,61.73,slightly_Focused
1773088590.5107374,30.73,100.0,0.030600000000000002,48.16,Neutral
1773088600.5246527,29.06,100.0,0.0246,49.74,Neutral
1773088610.5390491,29.86,100.0,0.0298,48.16,Neutral
1773088620.5505378,32.36,100.0,0.025,47.61,Neutral
1773088630.566495,31.0,100.0,0.044,48.16,Neutral
1773088640.600006,31.43,100.0,0.0354,47.67,Neutral
1773088650.957721,34.06,100.0,0.0314,60.76,slightly_Focused
1773088660.9701695,34.2,100.0,0.047,61.79,slightly_Focused
1773088670.9828496,32.28,100.0,0.012,47.49,Neutral
1773088680.999067,30.98,100.0,0.0184,48.16,Neutral
1773088691.024975,30.56,100.0,0.0128,48.16,Neutral
1773088701.0305843,29.51,100.0,0.020399999999999998,49.17,Neutral
1773088711.0489001,28.57,100.0,0.0242,49.35,Neutral
1773088721.055155,27.73,100.0,0.009,32.99,distracted
1773088731.0813096,27.54,100.0,0.016800000000000002,32.88,distracted
1773088741.1406014,26.55,100.0,0.0156,32.88,distracted
1773088751.1671903,27.49,100.0,0.0034,32.88,distracted
1773088761.1695023,26.32,100.0,0.0156,32.88,distracted
1773088771.1858842,25.99,100.0,0.028399999999999998,32.88,distracted
1773088781.1995666,25.21,100.0,0.0396,34.4,distracted
1773088792.435895,24.82,100.0,0.0176,36.76,distracted
1773088822.5405695,3.58,100.0,0.0074,61.84,slightly_Focused
1773088832.5473104,6.72,100.0,0.0292,40.27,Neutral
1773088842.5742083,14.67,100.0,0.0104,28.16,distracted
1773088852.585664,14.1,100.0,0.0028,29.64,distracted
1773088862.6503806,13.71,100.0,0.046799999999999994,50.29,Neutral
1773088872.6632652,11.66,100.0,0.074,65.2,slightly_Focused
1773088951.8015409,25.73,100.0,0.017,33.08,distracted
1773088961.8178463,25.06,100.0,0.0036,34.71,distracted
1773088971.828337,18.16,100.0,0.0104,47.72,Neutral
1773088981.8538642,19.41,100.0,0.022600000000000002,47.72,Neutral
1773089222.908766,0.0,100.0,0.0028,52.05,Neutral
1773089232.9245245,0.0,100.0,0.0156,52.05,Neutral
1773089242.950298,0.0,100.0,0.004200000000000001,52.05,Neutral
1773089252.9531362,1.3,100.0,0.0094,52.05,Neutral
1773089262.9642422,26.7,100.0,0.0126,37.66,distracted
1773089272.9939327,35.35,100.0,0.0332,61.75,slightly_Focused
1773089317.0561817,18.55,100.0,0.01,47.72,Neutral
1773089327.1183462,13.74,100.0,0.0112,45.87,Neutral
1773089337.1552942,16.55,0.0,0.0638,18.89,very_dist_distracted
1773089347.159213,14.26,0.0,0.034,15.78,very_dist_distracted
1773089357.1719255,15.99,0.0,0.0222,18.89,very_dist_distracted
1773089367.1870973,18.1,100.0,0.0002,47.72,Neutral
1773089377.1987667,17.3,0.0,0.0188,18.89,very_dist_distracted
1773089387.2253702,18.77,100.0,0.0078,47.72,Neutral
1773089397.2343092,17.44,100.0,0.0074,47.72,Neutral
1773089407.2427661,15.8,100.0,0.0078,28.5,distracted
1773089417.2588174,17.01,0.0,0.0038,18.89,very_dist_distracted
1773089427.2706041,15.67,100.0,0.0104,47.72,Neutral
1773089437.2861645,16.72,0.0,0.0182,18.89,very_dist_distracted
1773089447.30364,16.8,0.0,0.027,26.58,distracted
1773089457.3152094,17.26,0.0,0.0058,18.89,very_dist_distracted
1773089467.3307927,18.75,0.0,0.0294,18.89,very_dist_distracted
1773089477.3421922,21.76,0.0,0.009,20.96,distracted
1773089487.3583174,23.81,0.0,0.0396,21.81,distracted
1773089497.3696833,30.54,0.0,0.0654,33.21,distracted
1773089507.3856604,31.67,0.0,0.13040000000000002,40.12,Neutral
1773089517.398515,33.53,0.0,0.038,38.36,distracted
1773089527.4523947,34.17,0.0,0.0222,39.26,distracted
1773089537.500403,32.71,0.0,0.016,33.11,distracted
1773089547.52384,31.87,0.0,0.0354,32.54,distracted
1773089557.5322454,31.33,0.0,0.023399999999999997,33.16,distracted
1773089567.54462,30.6,0.0,0.025,33.21,distracted
1773089577.5509186,29.93,0.0,0.0144,33.21,distracted
1773089604.114734,10.96,0.0,0.0094,14.88,very_dist_distracted
1773089614.1313064,77.14,0.0,0.0002,17.52,very_dist_distracted
1773089624.1422646,64.18,0.0,0.0108,22.12,distracted
1773089634.159013,52.93,100.0,0.01,50.23,Neutral
1773089644.171124,43.55,100.0,0.008400000000000001,33.33,distracted
1773089654.1878924,37.89,100.0,0.016,57.35,Neutral
1773089664.1989496,32.93,100.0,0.0254,60.76,slightly_Focused
1773090293.1869168,2.58,69.0,0.0036,6.37,very_dist_distracted
1773090303.1973,7.44,79.9,0.022,0.59,very_dist_distracted
1773090313.214611,6.31,83.7,0.02,3.91,very_dist_distracted
1773090323.2529793,6.27,91.5,0.0134,3.91,very_dist_distracted
1773090333.311121,13.16,86.8,0.0286,32.56,distracted
1773090343.3184383,19.25,86.1,0.037399999999999996,18.89,very_dist_distracted
1773090353.3308892,20.25,92.0,0.0076,18.89,very_dist_distracted
1773090363.345727,21.09,83.1,0.0036,19.78,very_dist_distracted
1773090373.3640795,20.37,86.1,0.004200000000000001,18.89,very_dist_distracted
1773090962.3168766,7.39,94.6,0.014199999999999999,0.59,very_dist_distracted
1773090972.360762,6.86,98.6,0.029,3.54,very_dist_distracted
1773090982.3656352,4.96,92.7,0.0024,6.91,very_dist_distracted
1773090992.3772585,10.37,90.7,0.0208,10.67,very_dist_distracted
1773091002.4307666,13.84,61.1,0.0032,30.75,distracted
1773091012.4526393,35.25,73.8,0.06520000000000001,38.13,distracted
1773129492.665371,11.07,94.2,0.0014,36.77,distracted
1773129502.6780677,11.42,89.5,0.0146,36.76,distracted
1773129512.6934597,16.53,67.1,0.0344,17.98,very_dist_distracted
1773129523.0416667,27.03,66.5,0.0046,19.37,very_dist_distracted
1773146712.4817276,7.45,45.1,0.0024,0.59,very_dist_distracted
1773146722.4899323,11.49,47.3,0.009,36.76,distracted
1773146732.5104842,8.3,54.3,0.0108,1.54,very_dist_distracted
1773146742.5228283,9.1,52.6,0.054200000000000005,7.67,very_dist_distracted
1773146752.5361009,7.48,62.8,0.0114,0.59,very_dist_distracted
1773146762.5571659,14.5,32.6,0.0044,6.93,very_dist_distracted
1773146772.5581925,12.6,31.1,0.0056,35.67,distracted
1773146782.5703328,19.49,74.9,0.020399999999999998,18.89,very_dist_distracted
1773146792.5821116,23.07,56.2,0.0078,33.87,distracted
1773146803.5980258,41.96,95.6,0.09620000000000001,37.38,distracted
1773146813.606398,61.41,83.5,0.0006,22.05,distracted
1773146823.6184874,66.48,86.0,0.028,20.09,distracted
1773146833.6301174,62.5,65.9,0.011800000000000001,22.03,distracted
1773146843.6420228,60.29,67.0,0.0158,22.33,distracted
1773146853.7419014,56.45,61.7,0.0086,22.11,distracted
1773146863.7782667,53.04,50.2,0.0076,53.24,Neutral
1773146873.809951,54.44,67.6,0.0058,23.11,distracted
1773146883.8231971,54.41,60.9,0.0038,23.11,distracted
1773146893.8345826,54.08,45.1,0.0006,23.11,distracted
1773146903.8462195,61.02,77.3,0.0086,22.33,distracted
1773146913.8715007,59.86,65.9,0.0644,22.14,distracted
1773146924.6066835,57.04,76.2,0.045399999999999996,22.14,distracted
1773146934.616239,54.9,61.7,0.0716,23.11,distracted
1773146944.6276042,53.17,41.7,0.0264,52.5,Neutral
1773146954.637859,51.11,62.7,0.053200000000000004,67.78,slightly_Focused
1773146964.6515403,50.77,68.1,0.004,67.78,slightly_Focused
1773146974.661567,53.04,77.7,0.027399999999999997,53.24,Neutral
1773146984.6617405,51.82,26.1,0.0004,67.68,slightly_Focused
1773146994.6859705,50.08,76.8,0.0572,67.75,slightly_Focused
1773147004.7063038,48.65,68.5,0.0308,65.65,slightly_Focused
1773147014.7149014,53.15,89.4,0.0152,53.24,Neutral
1773147024.7221773,58.65,71.8,0.0116,22.14,distracted
1773147034.7341402,66.14,66.1,0.0056,20.09,distracted
1773147044.7462955,71.13,81.7,0.001,17.81,very_dist_distracted
1773147054.7629309,73.83,54.5,0.0054,17.03,very_dist_distracted
1773147064.7668066,77.52,69.7,0.0002,17.56,very_dist_distracted
1773147074.7928762,81.81,51.2,0.1024,22.81,distracted
1773147084.8273833,79.7,83.8,0.045200000000000004,17.87,very_dist_distracted
1773147094.8391864,78.75,76.7,0.043,17.52,very_dist_distracted
1773147104.8689613,76.82,83.6,0.0286,17.73,very_dist_distracted
1773147114.894543,75.26,65.2,0.018600000000000002,17.03,very_dist_distracted
1773147124.9078076,74.2,54.0,0.0212,17.03,very_dist_distracted
1773147134.9175084,72.79,84.2,0.055600000000000004,17.81,very_dist_distracted
1773147144.9316046,71.16,81.7,0.028,17.81,very_dist_distracted
1773147154.9432743,72.75,72.6,0.029,17.81,very_dist_distracted
1773147164.9550748,72.34,66.0,0.0176,17.81,very_dist_distracted
1773147174.9981365,71.71,54.5,0.026600000000000002,17.81,very_dist_distracted
1773147185.011808,71.22,84.7,0.0418,17.81,very_dist_distracted
1773147195.0229785,70.63,61.5,0.026199999999999998,17.81,very_dist_distracted
1773147205.0351348,71.83,70.6,0.0182,17.81,very_dist_distracted
1773147215.047056,73.22,85.3,0.022,17.19,very_dist_distracted
1773147225.094924,72.63,90.2,0.0298,17.81,very_dist_distracted
1773147235.1031344,71.72,59.9,0.046799999999999994,17.81,very_dist_distracted
1773147245.1152496,70.41,66.6,0.08159999999999999,17.81,very_dist_distracted
1773147255.127373,69.15,55.6,0.0202,20.06,distracted
1773147265.1390097,70.15,78.8,0.0008,17.81,very_dist_distracted
1773147275.1514719,69.46,61.7,0.0212,20.06,distracted
1773147285.1636617,68.78,79.3,0.037399999999999996,20.06,distracted
1773147295.1768987,67.64,39.4,0.018,20.1,distracted
1773147305.189712,66.52,93.5,0.0678,20.09,distracted
1773147315.1990433,65.45,56.6,0.0054,22.31,distracted
1773147325.2049544,64.88,64.9,0.0298,22.12,distracted
1773147335.2509644,64.05,47.4,0.0178,22.11,distracted
1773147345.2611976,63.99,72.3,0.009,22.11,distracted
1773147355.281002,63.1,84.7,0.0116,22.11,distracted
1773147365.2916765,63.06,84.2,0.029,22.11,distracted
1773147375.3073423,62.21,95.1,0.0342,22.03,distracted
1773147385.317407,61.31,74.1,0.065,22.33,distracted
1773147395.333316,60.43,81.1,0.0254,22.33,distracted
1773147405.3375807,60.85,93.1,0.0202,22.33,distracted
1773147415.34955,62.17,88.1,0.016,22.03,distracted
1773147425.35973,65.84,74.0,0.011,22.16,distracted
1773147435.3721373,66.82,81.9,0.0034,20.13,distracted
1773147445.413418,67.93,87.6,0.007,20.06,distracted
1773147455.4186447,69.96,67.1,0.0134,17.81,very_dist_distracted
1773147465.4956343,69.04,76.8,0.019,20.06,distracted
1773147475.5328999,68.61,73.0,0.003,20.06,distracted
1773147485.5446763,67.82,78.0,0.0034,20.06,distracted
1773147495.5547757,69.97,73.9,0.0022,17.81,very_dist_distracted
1773147505.5974982,72.66,82.0,0.0022,17.81,very_dist_distracted
1773147515.6348698,73.31,72.1,0.0212,17.03,very_dist_distracted
1773147525.6971025,72.42,83.3,0.0252,17.81,very_dist_distracted
1773147535.7228491,71.56,80.7,0.0208,17.81,very_dist_distracted
1773147545.7319174,71.35,82.7,0.0056,17.81,very_dist_distracted
1773147555.743738,70.59,81.4,0.0008,17.81,very_dist_distracted
1773147673.568072,7.38,95.4,0.0068,0.59,very_dist_distracted
1773147683.5759943,9.14,95.7,0.02,7.67,very_dist_distracted
1773147693.5863807,38.04,88.6,0.046799999999999994,39.8,distracted
1773147703.598331,75.17,78.7,0.056,17.03,very_dist_distracted
1773147713.6248317,62.86,80.5,0.0514,22.1,distracted
1773147723.65624,53.35,81.9,0.0496,47.26,Neutral
1773147733.6651928,66.79,92.1,0.0394,21.35,distracted
1773147743.717034,67.38,76.1,0.0216,20.12,distracted
1773147753.7249436,60.98,93.4,0.0162,22.33,distracted
1773147763.7294617,55.27,76.2,0.012199999999999999,22.76,distracted
1773147773.7480242,50.5,78.9,0.0108,67.77,slightly_Focused
1773147784.5065918,46.23,82.6,0.062200000000000005,34.14,distracted
1773147794.536564,42.85,79.9,0.026,18.65,very_dist_distracted
1773147804.5779877,43.6,74.3,0.0014,26.99,distracted
1773147814.5968797,43.49,70.4,0.019,20.73,distracted
1773147824.6370685,40.88,70.0,0.003,36.91,distracted
1773147834.6635284,42.29,78.1,0.0002,30.95,distracted
1773147844.6638765,40.67,80.4,0.0172,36.91,distracted
1773147854.6811142,40.13,71.1,0.0104,36.91,distracted
1773147864.6869962,49.47,75.6,0.0156,66.91,slightly_Focused
1773147874.7201726,55.2,77.1,0.0058,22.76,distracted
1773147884.7429938,54.61,56.7,0.0068,23.11,distracted
1773147894.7563536,53.82,68.2,0.0492,42.57,Neutral
1773147904.7667084,51.64,88.4,0.039200000000000006,67.68,slightly_Focused
1773147914.806165,50.33,94.1,0.004,67.75,slightly_Focused
1773147924.8341708,48.89,88.3,0.003,65.65,slightly_Focused
1773147934.8367574,47.13,82.6,0.004200000000000001,34.14,distracted
1773147944.8463228,45.7,89.2,0.0218,34.14,distracted
1773147954.8505352,44.16,88.4,0.0206,34.14,distracted
1773147964.8708806,42.92,89.3,0.022,18.65,very_dist_distracted
1773147974.8928833,42.32,92.0,0.0112,30.95,distracted
1773147984.903518,42.68,89.0,0.0094,23.57,distracted
1773147994.9082086,43.36,88.3,0.0038,20.73,distracted
1773148319.4453545,62.72,65.2,0.0088,22.1,distracted
1773148329.4938214,43.37,95.2,0.047,28.77,distracted
1773148339.50209,34.69,96.0,0.056600000000000004,39.8,distracted
1773148350.1855412,30.64,85.1,0.0136,33.16,distracted
1773148360.1945026,35.78,96.5,0.03,39.8,distracted
1773148370.2019637,30.44,82.0,0.0334,33.21,distracted
1773148380.2196822,26.48,86.5,0.046799999999999994,17.93,very_dist_distracted
1773148390.2303028,23.44,76.7,0.032600000000000004,21.81,distracted
1773148400.244861,21.02,83.9,0.0344,18.89,very_dist_distracted
1773148410.249818,19.61,90.9,0.0106,18.89,very_dist_distracted
1773148420.270818,19.99,89.7,0.018600000000000002,18.89,very_dist_distracted
1773148430.3227136,18.41,86.9,0.023,18.89,very_dist_distracted
1773148440.3341987,17.06,96.9,0.0334,18.89,very_dist_distracted
1773148453.185527,15.6,85.7,0.038799999999999994,18.1,very_dist_distracted
1773148463.2213712,15.0,70.9,0.0352,6.93,very_dist_distracted
1773148473.224962,14.82,89.8,0.010199999999999999,6.93,very_dist_distracted
1773148483.3101404,15.66,86.6,0.045200000000000004,18.89,very_dist_distracted
1773148493.334817,16.09,95.8,0.049,18.89,very_dist_distracted
1773148503.3654954,15.59,96.1,0.0318,17.3,very_dist_distracted
1773148513.3743033,15.13,87.8,0.0176,6.93,very_dist_distracted
1773148523.3857017,17.71,97.0,0.0354,18.89,very_dist_distracted
1773148533.4065764,17.98,95.0,0.021,18.89,very_dist_distracted
1773148543.4115243,18.98,96.0,0.0338,18.89,very_dist_distracted
1773148553.4222825,18.7,95.7,0.0252,18.89,very_dist_distracted
1773148563.4291825,18.21,95.2,0.024,18.89,very_dist_distracted
1773148573.4417458,18.43,93.1,0.0176,18.89,very_dist_distracted
1773148583.454564,19.05,98.4,0.07479999999999999,18.89,very_dist_distracted
1773148593.50954,20.46,75.8,0.0418,18.89,very_dist_distracted
1773148603.5463428,22.17,89.0,0.0394,29.14,distracted
1773148613.5614047,21.46,90.8,0.033600000000000005,23.33,distracted
1773148623.5692139,21.72,89.7,0.0192,23.33,distracted
1773148698.6193357,62.35,98.0,0.0596,22.12,distracted
1773148708.6315424,80.7,98.2,0.055600000000000004,16.55,very_dist_distracted
1773148718.6507227,85.52,98.6,0.0586,14.55,very_dist_distracted
1773148728.6784859,83.67,94.8,0.0044,15.42,very_dist_distracted
1773148738.709767,89.48,95.2,0.0308,11.97,very_dist_distracted
1773148748.8467178,76.73,94.4,0.0762,17.53,very_dist_distracted
1773148758.8555133,66.87,77.1,0.0516,20.15,distracted
1773148768.8669376,60.15,87.6,0.0112,22.33,distracted
1773149035.0907226,0.0,99.9,0.0086,44.23,Neutral
1773149045.115576,43.79,91.5,0.0252,34.14,distracted
1773149055.1434622,34.93,89.9,0.0304,39.8,distracted
1773149065.156195,27.34,91.9,0.0208,17.93,very_dist_distracted
1773149075.1998217,22.45,97.8,0.0256,33.87,distracted
1773149085.2127876,19.97,89.0,0.039200000000000006,18.89,very_dist_distracted
1773149095.223761,18.12,96.2,0.0416,18.89,very_dist_distracted
1773149105.235411,20.19,85.1,0.028,18.89,very_dist_distracted
1773149115.2496011,19.34,96.0,0.024399999999999998,18.89,very_dist_distracted
1773149125.2748163,19.21,90.5,0.0144,18.89,very_dist_distracted
1773149135.3081205,23.23,91.5,0.016,31.46,distracted
1773149145.326601,34.22,93.0,0.0076,38.43,distracted
1773149155.334531,51.52,94.8,0.0002,67.75,slightly_Focused
1773149165.340964,61.12,95.6,0.005,22.33,distracted
1773149175.3449671,69.5,98.5,0.0404,19.46,very_dist_distracted
1773149185.3648605,65.67,95.4,0.045200000000000004,22.01,distracted
1773149195.3874497,62.28,93.0,0.037,22.03,distracted
1773149205.3907883,65.37,96.5,0.0158,22.31,distracted
1773149215.411396,67.54,96.1,0.012,20.2,distracted
1773149226.9361663,69.85,94.4,0.0028,17.81,very_dist_distracted
1773149236.955633,72.98,97.5,0.022,17.81,very_dist_distracted
1773149246.97127,78.98,94.4,0.0054,17.52,very_dist_distracted
1773149259.6279683,82.81,90.1,0.015,16.18,very_dist_distracted
1773149269.6656299,80.45,91.7,0.038200000000000005,17.56,very_dist_distracted
1773149279.6757495,77.36,61.7,0.053200000000000004,17.52,very_dist_distracted
1773149289.687733,74.5,92.5,0.0166,17.03,very_dist_distracted
1773149299.7373402,72.47,97.2,0.0252,17.81,very_dist_distracted
1773149309.7731833,72.45,93.1,0.0052,17.81,very_dist_distracted
1773149321.230729,72.88,90.3,0.04,17.08,very_dist_distracted
1773149331.2358148,71.31,96.9,0.0466,17.81,very_dist_distracted
1773149341.6528175,70.12,94.1,0.0606,17.81,very_dist_distracted
1773149351.6664817,70.18,97.4,0.045,17.81,very_dist_distracted
1773149363.075684,68.72,71.4,0.037399999999999996,20.06,distracted
1773149375.1401117,69.43,94.2,0.0072,17.96,very_dist_distracted
1773149385.5032225,68.61,87.6,0.0038,20.06,distracted
1773149395.580435,67.57,98.8,0.0248,20.18,distracted
1773149406.2964838,66.01,98.7,0.016800000000000002,20.09,distracted
1773149416.3054469,65.25,98.3,0.0348,22.21,distracted
1773149426.3514187,65.41,96.9,0.0018,22.31,distracted
1773149436.4013486,63.98,91.2,0.06420000000000001,22.11,distracted
1773149446.6687517,62.44,97.4,0.039200000000000006,22.03,distracted
1773149456.6736317,61.7,89.4,0.0496,22.03,distracted
1773149466.8361945,61.37,86.8,0.009800000000000001,22.27,distracted
1773149476.8542073,60.69,65.2,0.0106,22.33,distracted
1773149491.995954,59.76,81.6,0.014,22.19,distracted
1773149509.6132295,57.73,75.0,0.0386,22.11,distracted
1773149685.8466773,42.56,80.2,0.021,22.73,distracted
1773149695.85934,42.47,91.8,0.061,30.95,distracted
1773149705.9063935,42.72,98.0,0.0014,18.65,very_dist_distracted
1773149715.9183726,43.22,98.7,0.0404,18.65,very_dist_distracted
1773149725.944139,43.21,95.9,0.0072,18.65,very_dist_distracted
1773149735.9693978,43.94,81.8,0.019600000000000003,34.14,distracted
1773149745.972482,44.08,86.1,0.0018,34.14,distracted
1773149756.8546963,44.57,80.0,0.040600000000000004,34.14,distracted
1773149766.866897,44.45,97.8,0.0104,34.14,distracted
1773149776.8738642,43.94,94.5,0.0292,34.14,distracted
1773149789.587968,43.22,98.7,0.0178,20.59,distracted
1773149799.5995905,42.66,97.6,0.012199999999999999,18.65,very_dist_distracted
1773149809.606981,42.5,97.0,0.0028,30.95,distracted
1773149819.6224728,42.05,91.9,0.002,30.95,distracted
1773149829.6462147,41.6,99.9,0.0172,36.91,distracted
1773149839.6596262,41.82,95.2,0.012,36.91,distracted
1773149849.667847,41.39,98.9,0.0182,36.91,distracted
1773149859.6879222,40.97,95.2,0.02,36.91,distracted
1773149869.7019007,40.84,92.5,0.0582,36.91,distracted
1773149885.8013713,40.36,31.7,0.1406,39.24,distracted
1773149895.8090813,39.97,99.7,0.064,36.91,distracted
1773149905.827837,39.65,98.8,0.065,36.91,distracted
1773149915.832431,39.88,99.2,0.0574,36.91,distracted
1773149925.8459687,39.77,99.7,0.059,36.91,distracted
1773149935.8659947,39.99,97.9,0.0482,36.91,distracted
1773149945.8674176,39.56,99.3,0.061200000000000004,36.91,distracted
1773149955.879407,39.13,98.9,0.061399999999999996,39.42,distracted
1773149965.8997228,39.16,92.8,0.047200000000000006,39.8,distracted
1773149975.9030416,39.07,97.2,0.0444,39.8,distracted
1773149987.9997635,39.32,96.5,0.0318,36.91,distracted
1773149998.0264335,39.16,91.0,0.0264,39.8,distracted
1773150008.0392058,39.07,99.5,0.0136,39.8,distracted
1773150020.6919653,38.64,93.1,0.0854,39.8,distracted
1773150030.6981485,38.26,99.7,0.0032,39.8,distracted
1773150040.7100275,38.41,84.2,0.0046,39.8,distracted
1773150050.7214906,38.33,99.8,0.009,39.8,distracted
1773150060.7333033,37.96,99.2,0.0144,39.8,distracted
1773150070.745985,37.83,98.5,0.0366,39.8,distracted
1773150080.757593,37.47,99.4,0.0028,39.8,distracted
1773150090.770438,37.23,98.3,0.018,39.8,distracted
1773150100.7911055,37.05,96.2,0.0216,39.8,distracted
1773150110.7933645,37.04,98.2,0.001,39.8,distracted
1773150120.858429,36.7,99.5,0.0012,39.8,distracted
1773150130.8898516,36.64,99.7,0.003,39.8,distracted
1773150140.896083,36.32,96.1,0.0438,39.8,distracted
1773150150.9080522,35.99,92.6,0.0434,39.8,distracted
1773150160.9158669,35.68,93.5,0.045,39.8,distracted
1773150170.9294205,35.37,99.0,0.04,39.8,distracted
1773150180.9414835,35.27,94.5,0.046799999999999994,39.8,distracted
1773150190.9521937,35.02,96.3,0.0474,39.8,distracted
1773150200.963237,34.93,95.9,0.024,39.8,distracted
1773150210.975606,34.94,95.1,0.025,39.8,distracted
1773150220.9867234,34.94,89.8,0.0442,39.8,distracted
1773150270.452767,3.58,99.5,0.0064,23.4,distracted
1773150280.4587846,15.69,99.5,0.012199999999999999,18.89,very_dist_distracted
1773150290.4713502,16.31,92.7,0.0316,18.89,very_dist_distracted
1773150301.150516,26.54,71.6,0.1824,20.45,distracted
1773150311.1583257,30.27,63.2,0.0176,25.56,distracted
1773150321.170488,31.12,63.3,0.0346,33.21,distracted
1773150331.182275,37.94,60.4,0.0396,39.8,distracted
1773150341.1942415,43.19,79.0,0.0902,23.61,distracted
1773150351.2081852,42.45,53.8,0.1738,39.38,distracted
1773150361.2180655,41.29,86.4,0.1452,43.9,Neutral
1773150371.229996,44.41,59.3,0.168,41.02,Neutral
1773150381.2420924,41.86,73.7,0.15,43.9,Neutral
1773150393.2933607,39.54,76.4,0.09820000000000001,43.43,Neutral
1773150403.3019626,52.53,93.7,0.1384,60.82,slightly_Focused
1773150413.3236153,51.87,71.4,0.1398,74.57,slightly_Focused
1773150423.3340547,48.81,69.7,0.142,72.53,slightly_Focused
1773150433.3397884,46.09,69.4,0.1394,41.02,Neutral
1773150443.3509345,43.66,62.1,0.14,34.77,distracted
1773150453.3614237,41.47,63.8,0.1404,43.9,Neutral
1773150463.3688285,39.49,68.6,0.1374,43.9,Neutral
1773150473.380837,37.69,66.3,0.1384,46.79,Neutral
1773150485.1676142,35.77,72.4,0.1374,46.79,Neutral
1773150495.1731966,34.29,59.0,0.1382,46.97,Neutral
1773150505.1840882,33.88,83.6,0.10859999999999999,45.94,Neutral
1773150515.9684334,32.71,49.9,0.1258,45.06,Neutral
1773150525.976342,33.49,92.5,0.1026,45.94,Neutral
1773150535.9906359,32.73,87.8,0.045399999999999996,32.73,distracted
1773150548.1263146,33.01,89.8,0.055799999999999995,38.36,distracted
1773150558.1508782,35.08,60.7,0.03,39.8,distracted
1773150570.4995587,35.04,58.7,0.0682,39.8,distracted
1773150588.3885465,33.34,54.9,0.0108,39.71,distracted
1773150607.2108064,31.57,54.5,0.0036,39.22,distracted
1773150622.294756,30.28,54.1,0.0162,38.78,distracted
1773150632.3037047,29.63,63.7,0.023600000000000003,33.21,distracted
1773150648.459634,29.03,68.8,0.006,33.29,distracted
1773150665.8830745,27.95,76.6,0.009,33.61,distracted
1773150678.6944585,27.39,82.0,0.0112,30.56,distracted
1773150690.1453469,26.67,80.5,0.011800000000000001,29.55,distracted
1773150700.1543133,26.21,72.3,0.026199999999999998,17.93,very_dist_distracted
1773150719.138324,27.33,73.0,0.0008,33.3,distracted
1773150730.744602,28.42,50.0,0.07440000000000001,34.4,distracted
1773150741.9018612,30.11,52.9,0.0004,33.21,distracted
1773150752.8776681,29.57,56.2,0.0068,33.25,distracted
1773150762.9930766,29.33,83.4,0.0096,34.81,distracted
1773150778.2663379,28.48,83.0,0.01,34.95,distracted
1773150788.2860303,29.07,86.3,0.0876,36.35,distracted
1773150798.2946417,28.53,79.6,0.0838,34.4,distracted
1773150808.3065581,29.1,70.5,0.1152,39.61,distracted
1773150820.5305514,30.27,54.4,0.09459999999999999,36.24,distracted
1773150850.125541,29.07,93.9,0.0862,33.42,distracted
1773150892.520441,27.14,91.6,0.0866,32.56,distracted
1773150973.2366202,24.77,78.5,0.083,18.19,very_dist_distracted
1773150983.2494078,27.96,69.3,0.07759999999999999,24.58,distracted
1773150993.2565966,33.67,49.7,0.08020000000000001,38.36,distracted
1773151003.2689576,37.38,55.4,0.0788,39.8,distracted
1773151013.2976089,40.92,41.2,0.0752,36.91,distracted
1773151023.310448,42.72,78.1,0.07640000000000001,18.65,very_dist_distracted
1773151033.339817,45.1,41.0,0.0814,34.14,distracted
1773151043.9388485,45.63,44.5,0.076,34.14,distracted
1773151067.1923568,47.5,72.5,0.0896,63.55,slightly_Focused
1773151077.2242765,47.43,59.2,0.091,34.14,distracted
1773151087.2361903,48.23,48.8,0.0836,65.65,slightly_Focused
1773151097.2487197,49.43,53.0,0.133,74.64,slightly_Focused
1773151109.4377804,49.78,74.0,0.08259999999999999,67.75,slightly_Focused
1773151119.4401882,50.87,63.3,0.0828,67.78,slightly_Focused
1773151129.4524207,51.45,44.9,0.0762,67.68,slightly_Focused
1773151139.4640856,54.87,50.9,0.08059999999999999,23.11,distracted
1773151157.090527,53.93,50.9,0.1162,23.55,distracted
1773151168.0687943,53.28,51.9,0.1176,28.29,distracted
1773151178.0758471,54.2,53.6,0.09259999999999999,23.11,distracted
1773151188.0964878,57.08,67.6,0.096,22.14,distracted
1773151198.100807,60.35,70.8,0.0752,22.33,distracted
1773151208.1134956,63.12,69.5,0.0782,22.11,distracted
1773151218.133672,64.27,77.3,0.08120000000000001,22.12,distracted
1773151228.147534,64.77,58.7,0.07759999999999999,22.12,distracted
1773151238.2146263,65.76,45.5,0.12840000000000001,27.13,distracted
1773151248.2262776,66.24,70.7,0.079,20.09,distracted
1773151258.2370071,67.31,65.9,0.076,20.22,distracted
1773151271.8485312,68.89,47.0,0.07659999999999999,20.06,distracted
1773151281.8635972,69.27,83.2,0.0814,20.06,distracted
1773151291.876792,70.04,61.0,0.0838,17.81,very_dist_distracted
1773151304.5101957,69.72,82.4,0.0798,17.81,very_dist_distracted
1773151314.5356894,70.98,86.1,0.0868,17.81,very_dist_distracted
1773151324.5476253,71.94,76.4,0.082,17.81,very_dist_distracted
1773151334.559033,73.0,84.5,0.08259999999999999,17.81,very_dist_distracted
1773151344.571041,73.43,58.6,0.0804,17.03,very_dist_distracted
1773151354.5829012,74.39,43.6,0.077,17.03,very_dist_distracted
1773151364.5947554,75.51,42.8,0.08020000000000001,17.03,very_dist_distracted
1773151374.6069548,75.37,61.1,0.0892,17.03,very_dist_distracted
1773151384.6185646,75.39,93.1,0.0916,17.03,very_dist_distracted
1773151394.6308432,76.15,50.8,0.07579999999999999,17.73,very_dist_distracted
1773151404.9830317,75.62,53.4,0.08979999999999999,23.52,distracted
1773151414.987483,75.79,48.4,0.0782,17.03,very_dist_distracted
1773151424.9983404,77.76,58.4,0.0762,17.52,very_dist_distracted
1773151435.0111415,77.91,81.1,0.0848,17.52,very_dist_distracted
1773151445.022666,78.16,78.5,0.0728,17.52,very_dist_distracted
1773151455.034622,79.46,47.5,0.07740000000000001,17.52,very_dist_distracted
1773151465.9011846,80.73,41.5,0.0772,17.56,very_dist_distracted
1773151475.9224026,82.67,66.4,0.07959999999999999,16.18,very_dist_distracted
1773151485.9342444,83.99,63.2,0.0778,16.18,very_dist_distracted
1773151495.9595304,84.86,61.5,0.07479999999999999,14.55,very_dist_distracted
1773151505.9943316,85.71,51.8,0.07940000000000001,14.55,very_dist_distracted
1773151516.0066998,85.94,62.5,0.0808,14.55,very_dist_distracted
1773151526.0177805,87.48,40.6,0.07740000000000001,14.64,very_dist_distracted
1773151536.0291367,88.06,69.0,0.07840000000000001,14.64,very_dist_distracted
1773151546.0368857,89.05,58.5,0.1046,21.27,distracted
1773151556.0489497,89.42,92.9,0.089,11.97,very_dist_distracted
1773151566.0596843,89.38,66.2,0.08220000000000001,11.97,very_dist_distracted
1773151576.0719855,88.79,73.5,0.0818,14.64,very_dist_distracted
1773151586.0835726,88.44,85.1,0.0858,14.64,very_dist_distracted
1773151596.4662676,88.38,63.4,0.0778,14.64,very_dist_distracted
1773151606.474591,88.75,46.0,0.136,21.27,distracted
1773151616.4865384,89.11,51.0,0.0854,14.64,very_dist_distracted
1773151626.4973996,89.9,66.8,0.079,11.97,very_dist_distracted
1773151636.509437,90.94,71.9,0.0856,11.97,very_dist_distracted
1773151646.5208986,92.79,61.9,0.0756,12.61,very_dist_distracted
1773151656.53311,93.54,55.7,0.0752,12.61,very_dist_distracted
1773151666.5452905,94.06,69.3,0.0742,14.61,very_dist_distracted
1773151676.5559583,94.88,72.3,0.0772,17.6,very_dist_distracted
1773151686.567505,95.97,87.8,0.0798,17.95,very_dist_distracted
1773151696.5796313,96.18,51.4,0.0858,17.95,very_dist_distracted
1773151706.5871239,97.75,54.2,0.0788,17.85,very_dist_distracted
1773151716.598788,99.21,78.9,0.0798,17.85,very_dist_distracted
1773151727.234991,100.57,44.6,0.0772,13.78,very_dist_distracted
1773151737.2678032,102.08,53.9,0.0782,12.48,very_dist_distracted
1773151747.2710953,103.72,49.5,0.0788,12.92,very_dist_distracted
1773151757.2813988,105.15,83.0,0.086,12.92,very_dist_distracted
1773151767.2931406,106.2,86.5,0.083,14.32,very_dist_distracted
1773151777.3051045,106.25,92.5,0.0838,14.32,very_dist_distracted
1773151787.3311427,106.88,91.7,0.0866,14.32,very_dist_distracted
1773151797.361231,106.65,77.0,0.0824,14.32,very_dist_distracted
1773151807.3722472,106.51,25.4,0.0458,14.32,very_dist_distracted
1773151817.383904,107.67,95.4,0.0376,14.32,very_dist_distracted
1773151827.3957844,107.52,80.4,0.0312,14.32,very_dist_distracted
1773151837.4076536,108.96,85.6,0.0316,14.32,very_dist_distracted
1773151847.4101758,111.02,87.0,0.033600000000000005,13.11,very_dist_distracted
1773151858.4022696,112.28,81.9,0.0312,10.94,very_dist_distracted
1773151868.4066787,113.85,92.8,0.032799999999999996,20.28,distracted
1773151878.4183338,115.74,93.7,0.0298,20.28,distracted
1773151890.9773445,116.53,61.0,0.0834,20.28,distracted
1773151900.9777892,117.54,69.1,0.0734,20.28,distracted
1773151910.9897573,118.17,91.1,0.0718,20.28,distracted
1773151921.0077462,119.15,78.9,0.07959999999999999,20.28,distracted
1773151931.013381,120.01,54.2,0.0694,20.28,distracted
1773151941.0244927,121.79,87.2,0.0712,20.28,distracted
1773151951.0365767,123.37,91.2,0.0746,20.28,distracted
1773151961.0493307,124.37,71.9,0.0728,20.28,distracted
1773151971.0599065,125.11,72.2,0.0824,20.28,distracted
1773151981.0721085,125.29,62.9,0.079,20.28,distracted
1773151991.084461,126.08,52.9,0.079,20.28,distracted
1773152001.0962942,127.73,72.3,0.0772,20.28,distracted
1773152011.1077693,129.36,59.0,0.07540000000000001,20.28,distracted
1773152022.0444634,129.51,88.0,0.0858,20.28,distracted
1773152032.0628886,129.25,58.4,0.078,20.28,distracted
1773152042.0748098,130.04,92.4,0.08159999999999999,20.28,distracted
1773152052.0865955,131.05,87.5,0.0856,20.28,distracted
1773152062.0979896,131.75,90.4,0.08,20.28,distracted
1773152072.110496,132.68,92.4,0.0752,20.28,distracted
1773152082.1243787,133.52,88.4,0.09240000000000001,20.28,distracted
1773152092.1338506,133.65,84.0,0.07579999999999999,20.28,distracted
1773152102.1457675,134.87,85.9,0.07659999999999999,20.28,distracted
1773152112.1575654,135.21,93.6,0.07640000000000001,20.28,distracted
1773152122.1685998,135.22,67.4,0.077,20.28,distracted
1773152132.1807115,136.86,86.9,0.0688,20.28,distracted
1773152142.1927748,137.19,82.3,0.08020000000000001,20.28,distracted
1773152153.2095141,138.0,85.4,0.0732,20.28,distracted
1773152163.216294,139.07,95.5,0.07659999999999999,20.28,distracted
1773152173.228161,139.69,57.9,0.07640000000000001,20.28,distracted
1773152186.5100331,140.19,87.7,0.07440000000000001,20.28,distracted
1773152196.5238194,141.13,76.7,0.08120000000000001,20.28,distracted
1773152206.5316384,141.98,81.7,0.072,20.28,distracted
1773152216.5428994,143.09,94.7,0.07640000000000001,20.28,distracted
1773152226.5560212,143.67,93.8,0.07540000000000001,20.28,distracted
1773152236.5673912,144.21,82.7,0.077,20.28,distracted
1773152246.5791976,144.27,38.6,0.078,20.28,distracted
1773152256.5909693,144.12,84.7,0.0726,20.28,distracted
1773152266.6026244,143.88,91.5,0.075,20.28,distracted
1773152281.7267828,143.61,73.2,0.1232,27.19,distracted
1773152291.7343464,143.73,90.3,0.0358,20.28,distracted
1773152301.7526808,143.87,85.2,0.040600000000000004,20.28,distracted
1773152311.754384,143.35,90.4,0.0428,20.28,distracted
1773152321.767121,142.86,95.5,0.037200000000000004,20.28,distracted
1773152331.770166,142.98,87.8,0.0438,20.28,distracted
1773152341.789629,142.95,95.0,0.0386,20.28,distracted
1773152351.8127058,142.27,96.2,0.0384,20.28,distracted
1773152361.8151526,141.62,97.6,0.036,20.28,distracted
1773152371.8268743,141.15,92.7,0.0368,20.28,distracted
1773152384.3367379,140.41,93.6,0.038799999999999994,20.28,distracted
1773152394.352724,139.86,95.9,0.0358,20.28,distracted
1773152406.6745691,139.2,6.6,0.0544,20.28,distracted
1773152417.9220552,138.51,94.1,0.0594,20.28,distracted
1773152427.9248338,137.92,63.2,0.0512,20.28,distracted
1773152437.9362774,137.87,79.7,0.048799999999999996,20.28,distracted
1773152447.9502664,137.84,84.5,0.0644,20.28,distracted
1773152457.961413,137.41,92.6,0.0586,20.28,distracted
1773152467.9719608,136.87,77.1,0.06620000000000001,20.28,distracted
1773152477.9863822,136.3,48.4,0.0586,20.28,distracted
1773152488.0004454,135.96,71.8,0.055799999999999995,20.28,distracted
1773152498.007636,135.43,19.4,0.0482,20.28,distracted
1773152509.3325658,134.76,80.5,0.055799999999999995,20.28,distracted
1773152519.370801,134.18,58.9,0.047,20.28,distracted
1773152529.3751247,133.59,38.4,0.0498,20.28,distracted
1773152540.360929,132.98,60.2,0.048,20.28,distracted
1773152550.4023097,132.4,79.1,0.0546,20.28,distracted
1773152560.4107857,131.82,64.6,0.0564,20.28,distracted
1773152570.4156654,131.31,52.4,0.0508,20.28,distracted
1773152580.43879,130.77,54.7,0.0502,20.28,distracted
1773152590.4460714,130.21,86.2,0.0588,20.28,distracted
1773152600.457981,129.65,37.0,0.0464,20.28,distracted
1773152611.1555068,129.09,62.2,0.095,20.28,distracted
1773152621.1821055,128.82,97.5,0.0564,20.28,distracted
1773152631.202511,128.35,88.7,0.0184,20.28,distracted
1773315174.916393,23.86,94.3,0.0092,21.81,distracted
1773315184.930331,67.35,90.2,0.0062,20.11,distracted
1773315194.961187,52.58,54.6,0.0644,53.09,Neutral
1773315204.971486,42.8,98.5,0.027600000000000003,18.65,very_dist_distracted
1773315214.9834685,42.65,98.6,0.0174,18.65,very_dist_distracted
1773315224.9885657,40.78,97.3,0.0338,36.91,distracted
1773315239.2299078,36.63,93.4,0.0074,37.1,distracted
1773315249.251506,46.99,99.1,0.007,34.14,distracted
1773315259.2896,50.01,96.1,0.0212,67.75,slightly_Focused
1773315269.2967966,48.22,86.5,0.032600000000000004,65.65,slightly_Focused
1773315279.3031971,44.26,93.9,0.009800000000000001,34.14,distracted
1773315289.3143928,40.91,91.7,0.0086,36.91,distracted
1773315299.3287227,38.87,96.0,0.012,39.8,distracted
1773315319.773181,33.99,95.8,0.0148,39.71,distracted
1773315329.8039439,32.0,85.1,0.019399999999999997,32.54,distracted
1773315339.8192668,32.87,92.8,0.0188,38.36,distracted
1773315349.8360448,31.79,99.3,0.0202,32.54,distracted
1773315359.8525496,33.47,97.2,0.0092,38.36,distracted
1773315369.867913,32.18,95.1,0.0036,32.54,distracted
1773315379.884699,32.35,75.2,0.0868,36.08,distracted
1773315389.906087,31.47,97.9,0.0124,32.54,distracted
1773315399.907883,30.17,94.8,0.005,33.21,distracted
1773315409.9236226,31.83,95.0,0.0368,32.54,distracted
1773315420.096696,32.65,81.8,0.0132,37.99,distracted
1773315430.109556,32.55,95.1,0.0018,32.73,distracted
1773315440.113673,31.4,96.3,0.0094,32.85,distracted
1773315450.1233573,30.53,94.1,0.012,33.21,distracted
1773315460.145434,31.3,97.3,0.004,33.21,distracted
1773315470.1732616,31.83,83.9,0.016399999999999998,32.54,distracted
1773315480.1816432,32.33,90.8,0.008400000000000001,32.54,distracted
1773315490.1931102,32.26,92.5,0.014,32.54,distracted
1773315500.2223113,32.55,54.8,0.0092,32.63,distracted
1773315511.0343232,32.74,86.6,0.1576,42.56,Neutral
1773315521.5477066,32.78,93.5,0.1784,38.49,distracted
1773315531.5654058,33.03,91.4,0.0258,38.36,distracted
1773315541.5664968,32.48,72.2,0.0578,32.73,distracted
1773315551.5783083,33.17,18.2,0.004200000000000001,38.36,distracted
1773315561.5934122,34.13,94.3,0.001,38.36,distracted
1773315571.6321323,34.18,96.1,0.0002,38.43,distracted
1773315581.6369107,34.22,84.5,0.0068,38.64,distracted
1773315593.350296,34.12,81.8,0.0154,39.33,distracted
1773315603.3698792,35.51,53.4,0.024399999999999998,39.8,distracted
1773315613.3825338,37.63,87.1,0.022600000000000002,39.8,distracted
1773315627.2900121,38.81,93.7,0.0466,39.8,distracted
1773315637.3100657,41.0,98.3,0.013800000000000002,36.91,distracted
1773315647.3232095,42.73,90.9,0.013800000000000002,18.65,very_dist_distracted
1773315657.3345647,42.72,96.6,0.018,18.65,very_dist_distracted
1773315667.3457215,43.06,65.0,0.056799999999999996,18.65,very_dist_distracted
1773315677.3577187,42.46,73.2,0.0714,30.95,distracted
1773315687.3694544,41.88,65.7,0.033,36.91,distracted
1773315702.3533864,41.39,85.3,0.0206,31.35,distracted
1773315712.3732703,40.97,44.2,0.07659999999999999,36.91,distracted
1773315722.3834894,41.09,90.7,0.018,36.91,distracted
1773315732.410005,42.15,89.3,0.0214,34.13,distracted
1773315742.4393857,42.15,34.3,0.0522,30.95,distracted
1773315752.4648726,41.54,74.7,0.0564,36.91,distracted
1773315762.5072923,40.85,77.8,0.0092,36.91,distracted
1773315772.5177226,40.18,91.9,0.030199999999999998,36.91,distracted
1773315783.9721203,39.74,82.3,0.008,36.91,distracted
1773315793.9794495,39.68,61.7,0.1728,43.9,Neutral
1773315803.9813497,39.34,96.5,0.1364,43.9,Neutral
1773315813.9973755,38.92,81.1,0.1426,46.79,Neutral
1773315825.8650563,38.23,96.3,0.0858,39.8,distracted
1773315835.8781679,40.05,95.7,0.0892,36.91,distracted
1773315845.8902733,40.87,12.8,0.125,43.9,Neutral
1773315859.0770345,41.47,98.4,0.0834,36.91,distracted
1773315869.0810804,42.32,98.8,0.0996,31.41,distracted
1773315879.0931654,42.81,97.4,0.089,18.65,very_dist_distracted
1773315891.6539433,43.63,93.2,0.1114,40.13,Neutral
1773315901.6884391,44.49,96.4,0.0938,34.14,distracted
1773315911.7010174,45.02,80.6,0.0852,34.14,distracted
1773315921.7184043,45.45,92.6,0.0854,34.14,distracted
1773315931.7249444,46.1,96.8,0.0886,34.14,distracted
1773315941.7359142,46.58,97.3,0.0858,34.14,distracted
1773315951.7446144,46.67,43.6,0.09559999999999999,34.14,distracted
1773315961.7554414,46.84,62.4,0.0682,34.14,distracted
1773315971.7673228,46.93,58.8,0.09540000000000001,39.65,distracted
1773315981.8220127,47.01,82.4,0.1164,41.02,Neutral
1773315996.55988,46.4,38.3,0.084,34.14,distracted
1773316006.5854359,46.63,57.3,0.08059999999999999,34.14,distracted
1773316016.5872905,47.27,73.2,0.0772,34.14,distracted
1773316029.4215455,46.99,80.8,0.07659999999999999,34.14,distracted
1773316039.4472919,46.46,69.1,0.0728,34.14,distracted
1773316049.4709027,46.07,95.0,0.0872,34.14,distracted
1773316061.7942483,45.64,32.5,0.065,34.14,distracted
1773316071.818763,45.27,89.7,0.093,34.14,distracted
1773316081.830414,45.17,89.6,0.083,34.14,distracted
1773316094.2139542,45.21,44.0,0.082,34.14,distracted
1773316104.222102,45.56,31.6,0.0446,34.14,distracted
1773316114.234462,46.21,45.3,0.039799999999999995,34.14,distracted
1773316126.6754243,46.05,90.6,0.0734,34.14,distracted
1773316136.6943178,45.82,82.2,0.0726,34.14,distracted
1773316146.7061603,45.36,12.4,0.0508,34.14,distracted
1773316159.2665918,44.97,48.1,0.1206,41.02,Neutral
1773316169.2773905,44.94,85.8,0.0692,34.14,distracted
1773316179.2792299,44.56,61.5,0.0324,34.14,distracted
1773316190.3616757,44.08,66.4,0.0156,34.14,distracted
1773316200.370137,43.89,54.0,0.0156,34.14,distracted
1773316210.3821588,43.87,68.7,0.0466,34.14,distracted
1773316226.7494433,43.37,84.4,0.0254,20.73,distracted
1773316236.777948,43.58,87.7,0.0206,20.73,distracted
1773316246.7899675,43.18,42.6,0.042,18.65,very_dist_distracted
1773316259.406999,43.28,79.6,0.040600000000000004,20.59,distracted
1773316269.4179862,42.89,72.6,0.0228,18.65,very_dist_distracted
1773316279.4300022,42.78,20.1,0.026600000000000002,18.65,very_dist_distracted
1773316291.883307,42.47,36.3,0.0286,30.95,distracted
1773316301.8904548,42.15,42.5,0.031,30.95,distracted
1773316311.9018564,41.83,55.9,0.0264,36.91,distracted
1773316324.643325,41.58,92.8,0.037200000000000004,36.91,distracted
1773316334.6620388,41.58,92.0,0.0188,36.91,distracted
1773316344.7155101,41.38,97.2,0.0592,36.91,distracted
1773316354.7175946,41.54,99.3,0.073,36.91,distracted
1773316364.7716396,41.49,97.6,0.0386,36.91,distracted
1773316374.7869768,41.55,96.5,0.04,36.91,distracted
1773316384.821651,41.21,99.5,0.0136,36.91,distracted
1773316400.8185048,41.11,21.1,0.0294,36.91,distracted
1773316411.153193,40.77,14.7,0.0232,36.91,distracted
1773316421.1654174,40.59,17.6,0.0288,36.91,distracted
1773316435.1932633,40.14,82.7,0.022600000000000002,36.91,distracted
1773316445.224373,40.2,44.1,0.0206,36.91,distracted
1773316455.2332504,39.94,72.3,0.0172,36.91,distracted
1773316465.9512932,39.75,44.8,0.015,36.91,distracted
1773316475.959753,39.49,34.6,0.0334,36.91,distracted
1773316485.9711132,39.2,76.7,0.0214,39.8,distracted
1773316510.5132992,39.06,63.1,0.01,37.1,distracted
1773316520.5442412,38.95,47.6,0.0324,39.8,distracted
1773316530.5670948,38.67,72.6,0.0318,39.8,distracted
1773316547.922809,38.18,16.6,0.028399999999999998,39.8,distracted
1773316557.9234579,38.04,66.2,0.0184,39.8,distracted
1773316567.9340675,38.49,45.5,0.0264,39.8,distracted
1773316586.3320267,38.04,3.1,0.0324,39.8,distracted
1773316596.3341007,37.82,36.4,0.0294,39.8,distracted
1773316606.3452673,37.76,45.6,0.0238,39.8,distracted
1773316622.7468202,38.94,85.9,0.0022,39.8,distracted
1773316632.7732825,39.61,90.8,0.0318,36.91,distracted
1773316642.785713,39.87,17.9,0.0318,36.91,distracted
1773316661.6961966,39.37,12.6,0.0346,36.91,distracted
1773316671.7205217,39.26,35.2,0.0316,36.91,distracted
1773316681.7329376,39.63,95.5,0.012,36.91,distracted
1773316695.6511059,40.06,68.3,0.0294,36.91,distracted
1773316709.06739,40.79,72.4,0.0096,36.91,distracted
1773316719.1111064,40.53,65.7,0.019,36.91,distracted
1773316739.0600362,40.17,40.9,0.0358,36.91,distracted
1773316749.0764391,40.67,51.4,0.038799999999999994,36.91,distracted
1773316759.0879955,40.83,27.7,0.033600000000000005,36.91,distracted
1773316773.2619164,40.81,57.2,0.0352,36.91,distracted
1773316783.2835834,40.92,36.2,0.026600000000000002,36.91,distracted
1773316793.301847,40.71,74.7,0.023399999999999997,36.91,distracted
1773316813.5106876,40.21,61.7,0.023,36.91,distracted
1773316831.110543,39.79,62.8,0.0214,36.91,distracted
1773316841.119619,39.59,60.4,0.009,36.91,distracted
1773316857.029745,39.22,27.7,0.0072,37.1,distracted
1773316867.0472093,38.99,56.3,0.0198,39.8,distracted
1773316877.058862,38.76,31.5,0.0184,39.8,distracted
1773316890.9549296,38.45,25.5,0.0198,39.8,distracted
1773316900.95625,38.23,35.7,0.0178,39.8,distracted
1773316910.966853,38.01,84.2,0.0128,39.8,distracted
1773316930.9513555,37.58,19.3,0.021,39.8,distracted
1773316940.970814,37.47,34.5,0.026600000000000002,39.8,distracted
1773316958.3576775,37.11,11.9,0.0156,39.8,distracted
1773316968.366248,36.94,43.8,0.0314,39.8,distracted
1773316978.3731172,36.74,41.2,0.0272,39.8,distracted
1773316988.396263,36.54,50.9,0.023399999999999997,39.8,distracted
1773316998.4030027,36.37,47.6,0.0222,39.8,distracted
1773317008.4137979,36.17,31.4,0.021,39.8,distracted
1773317018.425896,35.98,62.5,0.008400000000000001,39.8,distracted
1773317030.0923922,36.52,57.0,0.023399999999999997,39.8,distracted
1773317040.1197524,36.55,50.0,0.009,39.8,distracted
1773317050.1441987,36.36,87.9,0.0064,39.8,distracted
1773317062.656286,36.5,59.0,0.0232,39.8,distracted
1773317072.6683767,36.43,43.5,0.0086,39.8,distracted
1773317082.6701863,36.4,52.3,0.006,39.8,distracted
1773317095.4221911,36.38,13.1,0.018,39.8,distracted
1773317105.4334047,36.43,81.6,0.0096,39.8,distracted
1773317115.4504063,36.49,79.9,0.0096,39.8,distracted
1773317129.016005,36.33,57.4,0.0114,39.8,distracted
1773317139.033704,36.3,0.0,0.0458,39.8,distracted
1773317149.045593,36.57,46.2,0.028399999999999998,39.8,distracted
1773317161.7108781,36.64,29.5,0.012,39.8,distracted
1773317172.677258,36.47,89.3,0.0214,39.8,distracted
1773317182.6852417,36.29,57.0,0.0242,39.8,distracted
1773317194.2015824,36.08,68.8,0.0238,39.8,distracted
1773317204.2132242,35.91,47.7,0.010199999999999999,39.8,distracted
1773317219.9858096,35.63,49.2,0.011,39.8,distracted
1773317230.0230231,35.46,63.5,0.0128,39.8,distracted
1773317240.053454,35.29,59.8,0.0152,39.8,distracted
1773317251.1686375,35.22,66.0,0.0024,39.8,distracted
1773317265.5539553,35.4,97.8,0.068,39.8,distracted
1773317275.5669534,35.35,96.5,0.0974,44.93,Neutral
1773317285.5737133,35.21,97.7,0.0886,44.46,Neutral
1773317295.607466,35.13,92.9,0.09259999999999999,39.8,distracted
1773317305.6283472,34.99,99.2,0.1004,46.79,Neutral
1773317315.6318812,34.94,91.8,0.09259999999999999,39.8,distracted
1773317325.6662438,34.84,93.0,0.1154,46.79,Neutral
1773317335.678778,34.7,94.5,0.10679999999999999,46.79,Neutral
1773317356.6535852,34.43,95.0,0.0906,39.4,distracted
1773317366.6690872,34.44,74.0,0.0126,39.4,distracted
1773317376.6808894,34.31,98.4,0.021,39.4,distracted
1773317386.6933677,34.37,76.3,0.1646,46.97,Neutral
1773317396.705476,34.4,72.9,0.0314,39.4,distracted
1773317406.7168877,34.49,92.2,0.0644,39.4,distracted
1773317416.7293296,34.66,84.4,0.0502,39.8,distracted
1773317428.5510087,34.47,85.9,0.061,39.4,distracted
1773317438.552925,34.67,79.1,0.0322,39.78,distracted
1773317448.564388,34.93,93.7,0.016800000000000002,39.8,distracted
1773317466.2303839,34.72,95.7,0.0334,39.8,distracted
1773317476.2362363,34.67,44.6,0.1226,46.79,Neutral
1773317486.2443955,34.81,91.8,0.0692,39.8,distracted
1773317499.917763,34.81,46.5,0.11120000000000001,46.79,Neutral
1773317509.9264133,34.76,41.1,0.15780000000000002,46.79,Neutral
1773317519.9497747,34.77,21.1,0.1272,46.79,Neutral
1773317534.844021,34.75,10.5,0.131,46.79,Neutral
1773317544.8836906,34.7,35.8,0.034,39.8,distracted
1773317558.8316565,34.65,41.9,0.023600000000000003,39.8,distracted
1773317568.842633,35.23,99.5,0.1138,46.79,Neutral
1773317578.8523865,35.23,98.2,0.12179999999999999,46.79,Neutral
1773317588.8676484,35.34,98.7,0.126,46.79,Neutral
1773317598.9018369,35.21,94.8,0.11120000000000001,46.79,Neutral
1773317608.920141,35.07,97.5,0.09720000000000001,44.93,Neutral
1773317618.928246,35.34,94.1,0.07379999999999999,39.8,distracted
1773317628.944531,35.2,95.5,0.0712,39.8,distracted
1773317640.2315722,35.06,84.4,0.0682,39.8,distracted
1773317650.236718,35.12,96.6,0.0756,39.8,distracted
1773317660.2532344,34.97,97.9,0.079,39.8,distracted
1773317670.3208241,35.26,62.4,0.09140000000000001,44.0,Neutral
1773317682.4942384,35.31,91.6,0.0716,39.8,distracted
1773317692.520827,35.48,80.7,0.007,39.8,distracted
1773317702.5585175,35.36,96.0,0.061399999999999996,39.8,distracted
1773317712.6561892,35.24,49.5,0.0126,39.8,distracted
1773317722.9495769,35.15,60.4,0.0108,39.8,distracted
1773317732.9634566,35.04,96.5,0.0788,39.8,distracted
1773317743.003062,35.06,95.6,0.0932,39.8,distracted
1773317753.0205412,34.95,89.3,0.06659999999999999,39.8,distracted
1773317763.1173458,35.11,42.6,0.0526,39.8,distracted
1773317774.4127295,35.26,19.2,0.0402,39.8,distracted
1773317784.4285202,35.47,96.4,0.0582,39.8,distracted
1773317794.439293,36.06,96.5,0.045200000000000004,39.8,distracted
1773317804.4652207,36.47,92.1,0.09540000000000001,39.8,distracted
1773317815.891067,36.79,91.2,0.0332,39.8,distracted
1773317825.920765,37.08,84.0,0.0288,39.8,distracted
1773317835.9310448,37.03,82.6,0.0282,39.8,distracted
1773317845.9522088,37.13,48.5,0.0034,39.8,distracted
1773317855.9796019,37.49,91.0,0.08259999999999999,39.8,distracted
1773317865.9916205,37.46,15.3,0.0638,39.8,distracted
1773317875.9990664,37.39,40.8,0.06559999999999999,39.8,distracted
1773317886.014098,37.25,40.5,0.0804,39.8,distracted
1773317896.0244086,37.18,69.7,0.0818,39.8,distracted
1773317906.0368452,37.11,71.6,0.0922,41.67,Neutral
1773317935.4764338,37.13,81.4,0.121,46.79,Neutral
1773317945.5035875,37.66,99.0,0.1168,46.79,Neutral
1773317955.5230796,37.82,71.0,0.0308,39.8,distracted
1773317965.5497353,37.71,27.5,0.0282,39.8,distracted
1773317975.5533857,37.58,86.2,0.0074,39.8,distracted
1773317985.5636065,38.21,92.5,0.038,39.8,distracted
1773317995.5898373,38.24,92.9,0.0352,39.8,distracted
1773318005.6522815,38.15,90.0,0.0338,39.8,distracted
1773318017.3102176,38.01,93.0,0.0296,39.8,distracted
1773318027.3172734,37.97,44.4,0.0288,39.8,distracted
1773318037.3689215,37.87,20.3,0.012,39.8,distracted
1773318047.3750236,38.22,85.6,0.0052,39.8,distracted
1773318057.3853421,38.23,68.7,0.0056,39.8,distracted
1773318067.4401813,38.29,80.2,0.019399999999999997,39.8,distracted
1773318077.4609897,38.32,87.1,0.012199999999999999,39.8,distracted
1773318087.4996922,38.56,91.1,0.0068,39.8,distracted
1773318097.5622869,38.87,83.2,0.01,39.8,distracted
1773318107.621976,38.99,87.5,0.011,39.8,distracted
1773318121.5869312,38.88,73.6,0.0522,39.8,distracted
1773318131.601068,38.79,93.7,0.0166,39.8,distracted
1773318141.6625657,38.78,90.0,0.0212,39.8,distracted
1773318151.7412248,38.73,37.0,0.0072,39.8,distracted
1773318161.847216,38.68,91.4,0.0494,39.8,distracted
1773318171.897849,38.67,93.7,0.022,39.8,distracted
1773318181.9403086,38.62,78.9,0.0416,39.8,distracted
1773318192.0652015,38.57,86.6,0.062,39.8,distracted
1773318202.1955369,38.48,82.3,0.016399999999999998,39.8,distracted
1773318212.2049263,38.5,96.9,0.011800000000000001,39.8,distracted
1773318223.1435697,38.48,72.2,0.0286,39.8,distracted
1773318233.1808023,38.37,65.2,0.011,39.8,distracted
1773318243.183194,38.25,40.0,0.0256,39.8,distracted
1773318253.1961956,38.12,37.7,0.0286,39.8,distracted
1773318263.2767823,38.19,93.3,0.0094,39.8,distracted
1773318273.3291428,38.34,93.6,0.0202,39.8,distracted
1773318283.4688792,38.33,84.7,0.0108,39.8,distracted
1773318293.4709404,38.23,91.1,0.0,39.8,distracted
1773318303.519088,38.1,91.8,0.13340000000000002,46.79,Neutral
1773318313.6153908,38.04,73.0,0.045,39.8,distracted
1773318324.0729275,37.93,49.8,0.011800000000000001,39.8,distracted
1773318334.0937004,37.81,43.0,0.011800000000000001,39.8,distracted
1773318345.57113,37.68,45.6,0.0216,39.8,distracted
1773318355.6709077,37.56,43.9,0.0106,39.8,distracted
1773318365.7349238,37.46,11.0,0.0224,39.8,distracted
1773318375.8151774,37.4,85.8,0.0012,39.8,distracted
1773318385.925178,37.35,75.0,0.0352,39.8,distracted
1773318398.8915088,37.33,42.1,0.0456,44.0,Neutral
1773318412.433701,37.18,40.0,0.0824,43.06,Neutral
1773318422.4965842,37.16,40.3,0.014199999999999999,39.8,distracted
1773318432.567062,37.24,30.9,0.1298,44.93,Neutral
1773318442.6987572,37.38,55.5,0.0704,45.39,Neutral
1773318452.7501287,37.49,64.9,0.023,39.8,distracted
1773318466.3722436,37.39,21.1,0.1288,40.27,Neutral
1773318481.0385113,37.24,12.2,0.132,45.39,Neutral
